attribute,entity_id,name,row_num,sheet,value
,1,食物,4,建筑,-1
,1,黄金,5,建筑,0.2
,1,研究点,6,建筑,0.3
,1,人口,7,建筑,1
,2,食物,8,建筑,-1.5
,2,农民,9,建筑,1
,2,伐木工,10,建筑,1
,2,石工,11,建筑,1
,2,矿工,12,建筑,1
,2,黄金,13,建筑,0.5
,2,研究点,14,建筑,0.5
,2,人口,15,建筑,1
,3,黄金,16,建筑,1
,3,研究点,17,建筑,1
,3,人口,18,建筑,2
,4,人口,19,建筑,2
,4,研究点,20,建筑,0.6
,5,食物,24,建筑,-1.5
上限,5,研究点,25,建筑,250
,5,人口,26,建筑,2
,6,人口,31,建筑,1
,7,食物,35,建筑,-3
上限,7,研究点,36,建筑,500
,7,人口,37,建筑,4
,8,食物,41,建筑,-5
,8,人口,42,建筑,5
,9,商人,46,建筑,1
,9,教授,47,建筑,1
,9,供应商,48,建筑,1
,9,研究点,49,建筑,6
,9,黄金,50,建筑,3
,9,补给,51,建筑,0.5
上限,9,研究点,52,建筑,8000
上限,9,黄金,53,建筑,5000
上限,9,补给,54,建筑,3000
,9,人口,55,建筑,4
,10,农民,56,建筑,1
,10,食物,57,建筑,1
食物,10,农民,58,建筑,0.02
上限,10,食物,59,建筑,500
,10,人口,60,建筑,2
,11,食物,63,建筑,-2
,11,研究点,64,建筑,0.01
,11,黄金,65,建筑,0.01
上限,11,研究点,66,建筑,1000
上限,11,黄金,67,建筑,1000
,11,人口,68,建筑,3
,12,农民,69,建筑,1
食物,12,农民,70,建筑,0.01
上限,12,食物,71,建筑,240
,13,食物,72,建筑,0.2
,13,食物,73,建筑,0.01
上限,13,食物,74,建筑,200
,14,伐木工,76,建筑,1
木材,14,伐木工,77,建筑,0.01
上限,14,木材,78,建筑,100
,15,木材,80,建筑,0.7
,15,木材,81,建筑,0.01
上限,15,木材,82,建筑,750
,16,木材,84,建筑,2
,17,石工,88,建筑,1
石头,17,石工,89,建筑,0.01
上限,17,石头,90,建筑,100
,18,石头,92,建筑,0.5
,18,石头,93,建筑,0.01
上限,18,石头,94,建筑,750
,19,矿工,96,建筑,1
铜,19,矿工,97,建筑,0.01
铁,19,矿工,98,建筑,0.01
上限,19,铜,99,建筑,100
上限,19,铁,100,建筑,100
,20,木材,101,建筑,5
,20,石头,102,建筑,5
,20,铜,103,建筑,2
,20,铁,104,建筑,2
,20,工具,105,建筑,1
上限,20,木材,106,建筑,25000
上限,20,石头,107,建筑,25000
上限,20,铜,108,建筑,15000
上限,20,铁,109,建筑,15000
上限,20,工具,110,建筑,15000
,21,饲育员,111,建筑,1
食物,21,农民,112,建筑,0.02
上限,21,奶牛,113,建筑,80
上限,21,马,114,建筑,40
,22,伐木工,115,建筑,1
,22,石工,116,建筑,1
木材,22,伐木工,117,建筑,0.02
石头,22,石工,118,建筑,0.02
上限,22,信念,119,建筑,400
,22,人口,120,建筑,1
,23,奶牛,121,建筑,0.3
,23,马,122,建筑,0.2
食物,23,农民,123,建筑,0.03
上限,23,奶牛,124,建筑,120
上限,23,马,125,建筑,80
,24,农民,126,建筑,1
食物,24,农民,127,建筑,0.03
奶牛,24,饲育员,128,建筑,0.03
马,24,饲育员,129,建筑,0.03
上限,24,食物,130,建筑,250
上限,24,奶牛,131,建筑,100
上限,24,马,132,建筑,50
,25,矿工,133,建筑,1
铜,25,矿工,134,建筑,0.03
铁,25,矿工,135,建筑,0.03
工具,25,工匠,136,建筑,0.03
上限,25,铜,137,建筑,250
上限,25,铁,138,建筑,250
上限,25,工具,139,建筑,250
,26,工具,140,建筑,1.2
,26,铜,141,建筑,1.2
,26,铁,142,建筑,0.5
上限,26,铜,143,建筑,500
上限,26,铁,144,建筑,500
上限,26,工具,145,建筑,500
,27,木匠,148,建筑,1
原料,27,木匠,149,建筑,0.02
上限,27,原料,150,建筑,150
,28,供应商,154,建筑,1
补给,28,供应商,155,建筑,0.02
上限,28,补给,156,建筑,100
,29,炼钢工人,158,建筑,1
钢,29,炼钢工人,159,建筑,0.02
上限,29,钢,160,建筑,250
,30,原料,162,建筑,0.2
,30,钢,163,建筑,0.2
,30,水晶,164,建筑,0.1
,30,补给,165,建筑,0.1
,31,炼金术士,167,建筑,1
硝石,31,炼金术士,168,建筑,0.02
上限,31,硝石,169,建筑,200
,32,伐木工,172,建筑,1
,32,石工,173,建筑,1
木材,32,伐木工,174,建筑,0.03
石头,32,石工,175,建筑,0.03
上限,32,木材,176,建筑,800
上限,32,石头,177,建筑,800
,33,钠红石精炼工,178,建筑,1
钠红石,33,钠红石精炼工,179,建筑,0.02
上限,33,钠红石,180,建筑,200
,34,工匠,183,建筑,1
工具,34,工匠,184,建筑,0.03
原料,34,木匠,185,建筑,0.03
钢,34,炼钢工人,186,建筑,0.03
补给,34,供应商,187,建筑,0.03
,35,原料,188,建筑,0.2
,35,钢,189,建筑,0.2
,35,水晶,190,建筑,0.2
,35,补给,191,建筑,0.2
,35,硝石,192,建筑,0.1
,35,钠红石,193,建筑,0.1
,36,研究点,194,建筑,0.4
,36,研究点,195,建筑,0.01
上限,36,研究点,196,建筑,1000
,37,研究点,199,建筑,2
,38,研究点,203,建筑,1
,38,研究点,204,建筑,0.03
上限,38,研究点,205,建筑,2000
,39,黄金,209,建筑,0.02
,39,木材,210,建筑,0.02
,39,石头,211,建筑,0.02
,39,铜,212,建筑,0.02
,39,铁,213,建筑,0.02
,39,工具,214,建筑,0.02
,39,信念,215,建筑,0.02
,39,法力,216,建筑,0.02
,40,研究点,217,建筑,2
上限,40,研究点,218,建筑,1000
上限,40,信念,219,建筑,400
,41,教授,221,建筑,1
,41,研究点,222,建筑,0.02
上限,41,研究点,223,建筑,1500
上限,41,水晶,224,建筑,50
,42,研究点,227,建筑,2
,42,研究点,228,建筑,0.02
上限,42,研究点,229,建筑,2500
,43,研究点,231,建筑,2
上限,43,军队,232,建筑,15
,43,菲里奥雕像,233,建筑,-1
,43,卢雷齐亚雕像,234,建筑,-1
,44,研究点,235,建筑,5
,44,信念,236,建筑,10
,44,阿塔玛雕像,237,建筑,-1
,44,卢雷齐亚雕像,238,建筑,-1
,45,研究点,239,建筑,2
,45,法力,240,建筑,10
,45,阿塔玛雕像,241,建筑,-1
,45,菲里奥雕像,242,建筑,-1
,46,声誉,243,建筑,150
,46,食物,244,建筑,5
,46,法力,245,建筑,10
,46,研究点,246,建筑,0.05
,46,食物,247,建筑,0.05
,49,星学家,254,建筑,1
上限,49,研究点,255,建筑,2500
上限,49,水晶,256,建筑,100
,50,研究点,259,建筑,4
,50,法力,260,建筑,4
,50,水晶,261,建筑,0.6
,50,研究点,262,建筑,0.02
,50,法力,263,建筑,0.02
,50,水晶,264,建筑,0.02
,51,研究员,265,建筑,1
上限,51,研究点,266,建筑,4000
,52,研究点,270,建筑,2
上限,52,研究点,271,建筑,6000
防御,53,城市,275,建筑,25
,53,声誉,276,建筑,25
上限,53,军队,277,建筑,5
防御,55,城市,281,建筑,50
,55,声誉,282,建筑,50
上限,55,军队,283,建筑,10
防御,57,城市,288,建筑,200
,57,声誉,289,建筑,70
上限,57,军队,290,建筑,20
,59,声誉,296,建筑,150
防御,59,城市,297,建筑,2000
,59,原料,298,建筑,5
,59,钢,299,建筑,5
,59,补给,300,建筑,5
上限,61,军队,306,建筑,3
防御,62,城市,312,建筑,40
上限,62,军队,313,建筑,2
防御,63,弓箭手,316,建筑,1
防御,63,方阵步兵,317,建筑,1
防御,63,战士,318,建筑,1
防御,63,轻骑兵,319,建筑,1
上限,63,军队,320,建筑,12
上限,64,军队,321,建筑,5
防御,64,城市,322,建筑,5
攻击,65,弓箭手,327,建筑,1
防御,65,长矛兵,328,建筑,1
攻击,65,战士,329,建筑,1
防御,65,重装战士,330,建筑,1
上限,65,军队,331,建筑,5
攻击,66,佣兵,332,建筑,2
攻击,66,白色连队,333,建筑,2
防御,66,卡纳瓦护卫,334,建筑,2
上限,66,军队,335,建筑,4
攻击,67,城市,338,建筑,2
防御,67,城市,339,建筑,8
上限,67,军队,340,建筑,2
攻击,68,城市,343,建筑,4
防御,68,城市,344,建筑,20
攻击,69,城市,347,建筑,12
防御,69,城市,348,建筑,2
攻击,70,投石机,350,建筑,2
攻击,70,巨型投石机,351,建筑,2
攻击,71,城市,355,建筑,18
防御,71,城市,356,建筑,10
,71,法力,357,建筑,2
攻击,72,城市,358,建筑,25
攻击,73,弩手,361,建筑,2
攻击,73,火绳枪兵,362,建筑,2
防御,73,超重装战士,363,建筑,2
防御,73,骑士,364,建筑,2
上限,73,军队,365,建筑,10
攻击,74,火绳枪兵,367,建筑,3
攻击,74,重骑兵,368,建筑,3
上限,74,食物,369,建筑,2500
上限,74,补给,370,建筑,1000
上限,74,军队,371,建筑,15
,74,人口,372,建筑,2
防御,75,牧师,373,建筑,2
防御,75,圣职者,374,建筑,2
防御,75,神圣魔像,375,建筑,4
,75,法力,376,建筑,5
,75,幸运石,377,建筑,1
攻击,76,线列步兵,378,建筑,3
攻击,76,加农炮,379,建筑,3
防御,76,将军,380,建筑,3
上限,76,军队,381,建筑,5
攻击,77,大炮,383,建筑,2
攻击,77,加农炮,384,建筑,2
防御,78,城市,388,建筑,50
攻击,79,轻骑兵,391,建筑,2
防御,79,轻骑兵,392,建筑,1
攻击,79,骑士,393,建筑,4
防御,79,骑士,394,建筑,2
攻击,79,重骑兵,395,建筑,5
防御,79,重骑兵,396,建筑,3
上限,79,军队,397,建筑,10
,80,食物,398,建筑,-120
,80,法力,399,建筑,-120
攻击,80,重装战士,400,建筑,12
防御,80,重装战士,401,建筑,12
攻击,80,弩手,402,建筑,11
防御,80,弩手,403,建筑,6
,81,声誉,404,建筑,50
,81,黄金,405,建筑,0.05
,81,木材,406,建筑,0.05
,81,石头,407,建筑,0.05
,81,铜,408,建筑,0.05
,81,铁,409,建筑,0.05
,81,工具,410,建筑,0.05
,81,人口,411,建筑,5
上限,81,军队,412,建筑,10
,83,声誉,420,建筑,100
,83,原料,421,建筑,0.25
,83,补给,422,建筑,0.25
,83,奶牛,423,建筑,0.05
,83,马,424,建筑,0.05
,83,补给,425,建筑,0.05
,83,原料,426,建筑,0.05
,85,声誉,431,建筑,100
,85,信念,432,建筑,3
,85,法力,433,建筑,3
,85,水晶,434,建筑,0.2
,85,信念,435,建筑,0.03
,85,法力,436,建筑,0.03
,85,水晶,437,建筑,0.03
上限,85,信念,438,建筑,1000
上限,85,法力,439,建筑,500
,87,声誉,447,建筑,150
,87,研究点,448,建筑,5
,87,水晶,449,建筑,0.2
,87,研究点,450,建筑,0.02
,87,水晶,451,建筑,0.02
攻击,89,城市,458,建筑,120
防御,89,城市,459,建筑,20
,89,声誉,460,建筑,100
上限,89,军队,461,建筑,25
,91,声誉,468,建筑,100
,91,原料,469,建筑,0.2
,91,补给,470,建筑,0.2
,91,钢,471,建筑,0.2
,91,人口,472,建筑,5
上限,91,军队,473,建筑,20
,93,声誉,480,建筑,200
,93,黄金,481,建筑,10
上限,93,黄金,482,建筑,50000
,93,商业垄断,483,建筑,1
,95,声誉,488,建筑,150
,95,法力,489,建筑,10
,97,声誉,497,建筑,150
,97,法力,498,建筑,50
上限,97,法力,499,建筑,2000
,99,声誉,505,建筑,200
,99,研究点,506,建筑,5
攻击,99,指挥官,507,建筑,25
防御,99,指挥官,508,建筑,25
,101,声誉,514,建筑,100
,101,黄金,515,建筑,5
,101,食物,516,建筑,5
上限,101,木材,517,建筑,10000
上限,101,石头,518,建筑,10000
上限,101,原料,519,建筑,2000
上限,101,钢,520,建筑,2000
上限,101,钠红石,521,建筑,2000
,103,声誉,529,建筑,250
,103,黄金,530,建筑,0.1
,103,钠红石,531,建筑,0.1
,103,人口,532,建筑,10
,105,声誉,539,建筑,300
,105,黄金,540,建筑,100
,105,人口,541,建筑,10
,107,声誉,546,建筑,200
,107,研究点,547,建筑,25
,107,法力,548,建筑,25
,107,研究点,549,建筑,0.1
,107,法力,550,建筑,0.1
,109,声誉,555,建筑,300
,109,原料,556,建筑,0.25
,109,钢,557,建筑,0.25
,109,补给,558,建筑,0.25
,109,水晶,559,建筑,0.25
,109,硝石,560,建筑,0.25
,109,钠红石,561,建筑,0.25
,111,声誉,568,建筑,100
,111,研究点,569,建筑,0.05
,113,声誉,575,建筑,1000
,115,工匠,582,建筑,1
木材,115,伐木工,583,建筑,0.02
石头,115,石工,584,建筑,0.02
食物,115,农民,585,建筑,0.02
工具,115,工匠,586,建筑,0.02
黄金,115,工匠,587,建筑,0.02
上限,115,黄金,588,建筑,250
上限,115,工具,589,建筑,100
,116,商人,590,建筑,1
黄金,116,商人,591,建筑,0.02
工具,116,工匠,592,建筑,0.02
黄金,116,工匠,593,建筑,0.02
上限,116,黄金,594,建筑,750
上限,116,工具,595,建筑,200
,117,黄金,596,建筑,2
,118,黄金,600,建筑,1
,118,黄金,601,建筑,0.02
上限,118,黄金,602,建筑,1000
,119,黄金,605,建筑,2
,119,食物,606,建筑,2
,120,黄金,609,建筑,2
,120,黄金,610,建筑,0.01
上限,120,黄金,611,建筑,2000
,121,研究点,616,建筑,2
,121,黄金,617,建筑,2
上限,121,军队,618,建筑,8
,122,黄金,621,建筑,2
上限,123,黄金,626,建筑,17500
,124,交易人,630,建筑,1
黄金,124,交易人,631,建筑,0.02
上限,124,黄金,632,建筑,4000
,125,黄金,636,建筑,0.5
,125,黄金,637,建筑,0.01
上限,125,黄金,638,建筑,4000
,125,人口,639,建筑,1
,126,黄金,644,建筑,1.4
,126,食物,645,建筑,1.2
上限,126,黄金,646,建筑,4000
上限,126,食物,647,建筑,2000
,127,黄金,650,建筑,8
,127,黄金,651,建筑,0.02
上限,127,黄金,652,建筑,12000
,128,食物,656,建筑,2
,128,木材,657,建筑,1
,128,石头,658,建筑,1
,128,战争神殿,659,建筑,-1
,128,心灵神殿,660,建筑,-1
上限,129,军队,661,建筑,15
,129,丰收神殿,662,建筑,-1
,129,心灵神殿,663,建筑,-1
,130,研究点,665,建筑,5
,130,法力,666,建筑,5
,130,战争神殿,667,建筑,-1
,130,丰收神殿,668,建筑,-1
,131,信念,669,建筑,0.8
上限,131,信念,670,建筑,350
,133,信念,679,建筑,3
,133,法力,680,建筑,3
,134,信念,682,建筑,1.2
,134,法力,683,建筑,1.2
上限,134,信念,684,建筑,500
上限,134,法力,685,建筑,250
,135,法力,687,建筑,1.5
上限,135,法力,688,建筑,200
,136,研究点,691,建筑,0.5
,136,食物,692,建筑,0.5
,136,信念,693,建筑,0.5
,136,法力,694,建筑,0.5
上限,136,研究点,695,建筑,500
上限,136,法力,696,建筑,200
,137,幸运石,697,建筑,1
,138,法力,700,建筑,4
上限,138,信念,701,建筑,400
上限,138,法力,702,建筑,400
,139,黄金,703,建筑,-10
,139,法力,704,建筑,5
上限,139,法力,705,建筑,200
,140,声誉,707,建筑,0.02
原料,141,木匠,712,建筑,0.02
钢,141,炼钢工人,713,建筑,0.02
补给,141,供应商,714,建筑,0.02
水晶,141,教授,715,建筑,0.02
硝石,141,炼金术士,716,建筑,0.02
,142,星学家,717,建筑,1
,142,信念,718,建筑,3
,142,法力,719,建筑,3
,142,信念,720,建筑,0.02
,142,法力,721,建筑,0.02
上限,142,信念,722,建筑,3000
上限,142,法力,723,建筑,3000
上限,142,水晶,724,建筑,2000
,142,幸运石,725,建筑,1
,142,人口,726,建筑,2
,143,信念,727,建筑,1.5
上限,143,信念,728,建筑,500
上限,143,法力,729,建筑,250
,144,声誉,732,建筑,100
,144,法力,733,建筑,5
,147,信念,746,建筑,2.5
,147,法力,747,建筑,2.5
上限,147,信念,748,建筑,750
上限,147,法力,749,建筑,500
,148,黄金,750,建筑,4
,148,食物,751,建筑,4
,149,法力,753,建筑,5
,149,钠红石,754,建筑,0.5
,149,法力,755,建筑,0.01
,149,钠红石,756,建筑,0.01
上限,149,法力,757,建筑,1250
,150,法力,758,建筑,20
,150,法力,759,建筑,0.02
上限,150,法力,760,建筑,12000
上限,151,木材,763,建筑,500
上限,151,石头,764,建筑,500
上限,151,铜,765,建筑,250
上限,151,铁,766,建筑,250
上限,152,研究点,767,建筑,500
上限,152,黄金,768,建筑,250
上限,152,木材,769,建筑,250
上限,152,石头,770,建筑,250
上限,152,信念,771,建筑,250
上限,152,法力,772,建筑,250
上限,153,木材,773,建筑,1200
上限,153,石头,774,建筑,1200
上限,153,铜,775,建筑,600
上限,153,铁,776,建筑,600
上限,153,工具,777,建筑,600
上限,154,木材,779,建筑,2500
上限,154,石头,780,建筑,2500
上限,154,铜,781,建筑,1500
上限,154,铁,782,建筑,1500
上限,154,工具,783,建筑,1500
上限,155,原料,785,建筑,400
上限,155,钢,786,建筑,400
上限,155,补给,787,建筑,200
上限,155,硝石,788,建筑,200
上限,155,水晶,789,建筑,100
上限,155,军队,790,建筑,2
上限,156,原料,791,建筑,1000
上限,156,钢,792,建筑,1000
上限,156,补给,793,建筑,800
上限,156,硝石,794,建筑,800
上限,156,水晶,795,建筑,500
上限,156,军队,796,建筑,4
上限,157,钠红石,797,建筑,600
,158,食物,800,建筑,0.6
,158,钠红石,801,建筑,0.3
,158,补给,802,建筑,0.1
上限,158,铁,803,建筑,2000
上限,158,铜,804,建筑,2000
上限,158,钠红石,805,建筑,1000
上限,158,军队,806,建筑,3
,159,农民,807,建筑,2
,159,伐木工,808,建筑,1
,159,石工,809,建筑,1
,159,黄金,810,建筑,-10
,159,食物,811,建筑,-5
上限,159,食物,812,建筑,500
上限,159,木材,813,建筑,5000
上限,159,石头,814,建筑,5000
上限,159,铜,815,建筑,3000
上限,159,铁,816,建筑,3000
上限,159,工具,817,建筑,3000
,160,伐木工,818,建筑,1
,160,石工,819,建筑,1
木材,160,伐木工,820,建筑,0.01
石头,160,石工,821,建筑,0.01
上限,160,木材,822,建筑,7500
上限,160,石头,823,建筑,7500
,161,矿工,824,建筑,1
,161,工匠,825,建筑,1
铜,161,矿工,826,建筑,0.01
铁,161,矿工,827,建筑,0.01
工具,161,工匠,828,建筑,0.01
上限,161,铜,829,建筑,5000
上限,161,铁,830,建筑,5000
上限,161,工具,831,建筑,5000
,162,炼金术士,832,建筑,1
硝石,162,炼金术士,833,建筑,0.01
上限,162,硝石,834,建筑,2000
,163,辉烬铸匠,837,建筑,1
辉烬,163,辉烬铸匠,838,建筑,0.02
上限,163,辉烬,839,建筑,100
,164,食物,842,建筑,2
,164,食物,843,建筑,0.02
,164,农民,844,建筑,2
食物,164,农民,845,建筑,0.02
上限,164,食物,846,建筑,1500
,165,钢,847,建筑,2
,165,钢,848,建筑,0.02
,165,炼钢工人,849,建筑,2
钢,165,炼钢工人,850,建筑,0.02
上限,165,钢,851,建筑,2500
,166,水晶,852,建筑,2
,166,水晶,853,建筑,0.02
,166,教授,854,建筑,2
水晶,166,教授,855,建筑,0.02
上限,166,水晶,856,建筑,1500
上限,167,食物,857,建筑,500
上限,167,水晶,858,建筑,500
上限,167,法力,859,建筑,250
上限,167,马,860,建筑,200
上限,167,军队,861,建筑,5
,167,人口,862,建筑,1
,168,研究点,863,建筑,2
,168,信念,864,建筑,1.5
,168,法力,865,建筑,1.5
,168,水晶,866,建筑,1
上限,168,研究点,867,建筑,3000
上限,168,食物,868,建筑,1500
,168,人口,869,建筑,3
,169,研究点,870,建筑,1.5
,169,法力,871,建筑,1.5
上限,169,研究点,872,建筑,2000
上限,169,法力,873,建筑,2000
,169,人口,874,建筑,1
,170,声誉,875,建筑,100
,170,研究点,876,建筑,25
,170,法力,877,建筑,25
,170,研究点,878,建筑,0.05
,170,法力,879,建筑,0.05
上限,170,研究点,880,建筑,15000
上限,170,法力,881,建筑,15000
,173,渔夫,888,建筑,2
食物,173,渔夫,889,建筑,0.02
黄金,173,商人,890,建筑,0.02
上限,173,食物,891,建筑,500
原料,174,木匠,894,建筑,0.03
钢,174,炼钢工人,895,建筑,0.03
硝石,174,炼金术士,896,建筑,0.03
钠红石,174,钠红石精炼工,897,建筑,0.03
上限,174,钠红石,898,建筑,250
,175,商人,901,建筑,1
,175,交易人,902,建筑,1
黄金,175,商人,903,建筑,0.03
黄金,175,交易人,904,建筑,0.03
上限,175,黄金,905,建筑,5000
,176,黄金,907,建筑,2
,176,黄金,908,建筑,0.02
,176,交易人,909,建筑,2
黄金,176,交易人,910,建筑,0.02
上限,176,黄金,911,建筑,7500
,177,农民,912,建筑,1
,177,饲育员,913,建筑,1
,177,供应商,914,建筑,1
食物,177,农民,915,建筑,0.03
奶牛,177,饲育员,916,建筑,0.03
马,177,饲育员,917,建筑,0.03
上限,177,食物,918,建筑,500
上限,177,奶牛,919,建筑,400
上限,177,马,920,建筑,200
上限,177,军队,921,建筑,10
,177,人口,922,建筑,2
防御,178,城市,923,建筑,50
攻击,178,神射手,924,建筑,1
防御,178,神射手,925,建筑,1
上限,179,原料,927,建筑,1000
上限,179,钢,928,建筑,1000
上限,179,补给,929,建筑,750
上限,179,硝石,930,建筑,750
上限,179,水晶,931,建筑,500
上限,180,木材,932,建筑,10000
上限,180,石头,933,建筑,10000
上限,180,铜,934,建筑,7500
上限,180,铁,935,建筑,7500
上限,180,工具,936,建筑,7500
,181,声誉,937,建筑,350
,181,黄金,938,建筑,0.15
,181,食物,939,建筑,0.15
,181,木材,940,建筑,0.15
,181,石头,941,建筑,0.15
,181,工具,942,建筑,0.15
,181,铜,943,建筑,0.15
,181,铁,944,建筑,0.15
上限,181,军队,945,建筑,30
,181,人口,946,建筑,15
,181,宝石,947,建筑,1
,184,军需官,959,建筑,1
攻击,184,重骑兵,960,建筑,2
防御,184,线列步兵,961,建筑,2
上限,184,军队,962,建筑,5
防御,185,城市,964,建筑,25
上限,185,食物,965,建筑,1500
上限,185,补给,966,建筑,1500
上限,185,钠红石,967,建筑,500
,186,军需官,969,建筑,1
防御,186,指挥官,970,建筑,3
攻击,186,将军,971,建筑,3
上限,186,军队,972,建筑,10
,187,声誉,974,建筑,350
攻击,187,城市,975,建筑,500
防御,187,城市,976,建筑,500
攻击,187,加农炮,977,建筑,20
防御,187,加农炮,978,建筑,40
上限,187,军队,979,建筑,50
,187,宝石,980,建筑,1
,189,食物,988,建筑,1
,189,工具,989,建筑,1
,189,信念,990,建筑,1
,189,法力,991,建筑,1
上限,189,食物,992,建筑,500
上限,189,信念,993,建筑,500
上限,189,法力,994,建筑,250
,189,人口,995,建筑,1
,190,黄金,996,建筑,3
,190,信念,997,建筑,3
,190,法力,998,建筑,3
上限,190,信念,999,建筑,1500
上限,190,法力,1000,建筑,1000
防御,190,神圣魔像,1001,建筑,2
防御,190,牧师,1002,建筑,4
,191,采集者,1003,建筑,1
,191,法力,1004,建筑,3
,191,法力,1005,建筑,0.03
上限,191,法力,1006,建筑,2000
,192,法力,1007,建筑,5
,192,法力,1008,建筑,0.03
上限,192,法力,1009,建筑,1500
,193,声誉,1011,建筑,350
,193,黄金,1012,建筑,0.25
,193,信念,1013,建筑,0.25
,193,法力,1014,建筑,0.25
防御,193,武僧,1015,建筑,15
防御,193,圣职者,1016,建筑,15
防御,193,战斗天使,1017,建筑,15
,193,宝石,1018,建筑,1
,195,黄金,1025,建筑,-250
,195,食物,1026,建筑,-150
,195,法力,1027,建筑,-100
,195,光明,1028,建筑,1
防御,196,城市,1030,建筑,250
上限,196,军队,1031,建筑,40
,197,伐木工,1037,建筑,3
,197,石工,1038,建筑,3
木材,197,伐木工,1039,建筑,0.05
石头,197,石工,1040,建筑,0.05
,198,黄金,1042,建筑,-200
,198,食物,1043,建筑,-100
,198,法力,1044,建筑,-50
防御,198,城市,1045,建筑,75
,198,光明,1046,建筑,1
,199,黄金,1047,建筑,-50
,199,法力,1048,建筑,-50
防御,199,城市,1049,建筑,150
,199,光明,1050,建筑,1
,200,黄金,1052,建筑,6
攻击,200,佣兵,1053,建筑,4
防御,200,佣兵,1054,建筑,4
攻击,200,白色连队,1055,建筑,7
防御,200,白色连队,1056,建筑,2
攻击,200,卡纳瓦护卫,1057,建筑,7
防御,200,卡纳瓦护卫,1058,建筑,7
上限,200,军队,1059,建筑,3
,201,教授,1060,建筑,2
,201,研究点,1061,建筑,0.04
上限,201,研究点,1062,建筑,5000
上限,201,水晶,1063,建筑,2500
,202,光明,1066,建筑,7
,202,奥术神殿,1067,建筑,-1
,202,邪恶神殿,1068,建筑,-1
,203,研究点,1069,建筑,25
,203,信念,1070,建筑,25
,203,法力,1071,建筑,200
,203,光明神殿,1072,建筑,-1
,203,邪恶神殿,1073,建筑,-1
攻击,204,精灵战士,1074,建筑,12
防御,204,精灵战士,1075,建筑,12
攻击,204,线列步兵,1076,建筑,12
防御,204,线列步兵,1077,建筑,12
攻击,204,钢铁骑士,1078,建筑,15
防御,204,钢铁骑士,1079,建筑,15
,204,光明神殿,1080,建筑,-1
,204,奥术神殿,1081,建筑,-1
,205,食物,1082,建筑,-5
,205,黄金,1083,建筑,2
,205,研究点,1084,建筑,2
,205,人口,1085,建筑,2
上限,205,军队,1086,建筑,5
,206,黄金,1087,建筑,-200
,206,法力,1088,建筑,-50
,206,水晶,1089,建筑,-10
,206,研究点,1090,建筑,8
,206,信念,1091,建筑,8
,206,幸运石,1092,建筑,2
,206,人口,1093,建筑,5
上限,206,军队,1094,建筑,12
上限,207,木材,1095,建筑,20000
上限,207,石头,1096,建筑,20000
上限,207,铜,1097,建筑,15000
上限,207,铁,1098,建筑,15000
上限,207,工具,1099,建筑,15000
上限,208,钠红石,1100,建筑,2000
上限,208,辉烬,1101,建筑,200
,209,声誉,1104,建筑,400
,211,声誉,1109,建筑,800
,211,黄金,1110,建筑,100
,211,法力,1111,建筑,100
上限,211,军队,1112,建筑,500
,213,矿工,1120,建筑,3
铜,213,矿工,1121,建筑,0.05
铁,213,矿工,1122,建筑,0.05
,214,辉烬,1124,建筑,0.4
,214,辉烬,1125,建筑,0.02
上限,214,法力,1126,建筑,5000
上限,214,辉烬,1127,建筑,500
攻击,215,机枪手,1129,建筑,4
攻击,215,钢铁骑士,1130,建筑,4
攻击,215,步枪手,1131,建筑,2
防御,215,步枪手,1132,建筑,2
上限,215,军队,1133,建筑,12
,216,黄金,1137,建筑,5
,216,黄金,1138,建筑,0.03
上限,216,黄金,1139,建筑,10000
攻击,216,火炮,1140,建筑,16
防御,216,火炮,1141,建筑,6
攻击,216,将军,1142,建筑,10
防御,216,将军,1143,建筑,15
,217,法力,1144,建筑,15
,217,法力,1145,建筑,0.05
上限,217,法力,1146,建筑,5000
,218,信念,1150,建筑,10
,218,信念,1151,建筑,0.03
上限,218,信念,1152,建筑,7000
攻击,218,战斗天使,1153,建筑,8
防御,218,战斗天使,1154,建筑,10
攻击,218,神圣魔像,1155,建筑,4
防御,218,神圣魔像,1156,建筑,8
,219,击败奖励,2,敌人,
,220,信念,4,敌人,0.5
,220,法力,5,敌人,0.5
,221,黄金,7,敌人,1
上限,221,黄金,8,敌人,800
,222,黄金,9,敌人,2
,222,光明,10,敌人,1
,223,声誉,11,敌人,70
,223,光明,12,敌人,1
,224,黄金,13,敌人,3
,224,辉烬,14,敌人,0.1
,225,声誉,15,敌人,50
,225,光明,16,敌人,1
,226,食物,17,敌人,1
,226,法力,18,敌人,1
,227,黄金,19,敌人,1
,227,食物,20,敌人,1
,228,木材,21,敌人,1
,228,铁,22,敌人,0.3
,228,人口,23,敌人,1
,229,木材,24,敌人,1
,229,石头,25,敌人,1
,229,铁,26,敌人,0.3
,229,人口,27,敌人,3
,230,声誉,28,敌人,30
,230,原料,29,敌人,0.1
,230,补给,30,敌人,0.1
,231,奶牛,31,敌人,0.3
,231,马,32,敌人,0.1
,231,补给,33,敌人,0.1
,232,铜,34,敌人,0.5
,232,铁,35,敌人,0.3
,233,声誉,36,敌人,30
,233,法力,37,敌人,1
,233,水晶,38,敌人,0.1
,234,木材,39,敌人,1
,234,石头,40,敌人,1
,235,黄金,41,敌人,2
,235,木材,42,敌人,2
,236,法力,43,敌人,2
,236,光明,44,敌人,1
,237,声誉,45,敌人,70
,237,钠红石,46,敌人,0.5
,237,硝石,47,敌人,0.2
,238,光明,48,敌人,1
上限,238,信念,49,敌人,5000
上限,238,法力,50,敌人,5000
上限,239,原料,51,敌人,750
上限,239,钢,52,敌人,750
上限,239,水晶,53,敌人,300
上限,239,补给,54,敌人,300
,240,黄金,55,敌人,3
,240,食物,56,敌人,3
,240,人口,57,敌人,3
,241,石头,58,敌人,2
,241,光明,59,敌人,1
,242,法力,60,敌人,2
,242,水晶,61,敌人,0.2
,243,黄金,62,敌人,2
,243,铜,63,敌人,0.5
,244,声誉,64,敌人,50
,244,法力,65,敌人,2
,244,人口,66,敌人,3
,245,声誉,68,敌人,30
,245,信念,69,敌人,1
,245,水晶,70,敌人,0.1
,246,声誉,71,敌人,20
,246,幸运石,72,敌人,2
,246,食物,73,敌人,3
,246,木材,74,敌人,3
,247,声誉,75,敌人,500
,247,光明,76,敌人,4
,247,幸运石,77,敌人,4
,247,智慧卷轴,78,敌人,4
,247,遗物,79,敌人,4
,247,代币,80,敌人,4
,247,宝石,81,敌人,4
,248,信念,82,敌人,2
,248,光明,83,敌人,1
,249,声誉,84,敌人,20
,249,幸运石,85,敌人,1
,249,食物,86,敌人,2
,249,木材,87,敌人,2
,250,声誉,88,敌人,70
,250,信念,89,敌人,2
,250,法力,90,敌人,2
,250,水晶,91,敌人,0.2
,251,声誉,92,敌人,150
,251,黄金,93,敌人,15
,252,食物,94,敌人,2
,252,木材,95,敌人,2
,252,石头,96,敌人,2
,253,声誉,97,敌人,30
,253,幸运石,98,敌人,2
,253,石头,99,敌人,3
,253,法力,100,敌人,3
,254,法力,101,敌人,2
,254,法力,102,敌人,2
,255,信念,103,敌人,1
,255,法力,104,敌人,1
,256,原料,105,敌人,0.8
,256,水晶,106,敌人,0.5
,257,黄金,107,敌人,2
,257,食物,108,敌人,1
,258,木材,109,敌人,2
,258,石头,110,敌人,2
,259,法力,111,敌人,2
,259,水晶,112,敌人,0.5
,260,法力,113,敌人,2
,260,水晶,114,敌人,0.5
,261,法力,115,敌人,2
,261,水晶,116,敌人,0.5
,262,法力,117,敌人,2
,262,水晶,118,敌人,0.5
,263,硝石,119,敌人,0.5
,263,钠红石,120,敌人,0.5
,264,黄金,121,敌人,2
,264,铁,122,敌人,0.6
,265,信念,123,敌人,1
,265,法力,124,敌人,1
,266,声誉,125,敌人,50
,266,木材,126,敌人,1.5
,266,补给,127,敌人,0.3
,267,木材,128,敌人,1
,267,石头,129,敌人,1
,268,声誉,130,敌人,50
,268,铜,131,敌人,2
,268,铁,132,敌人,1
,268,法力,133,敌人,1
,269,黄金,134,敌人,1
,269,工具,135,敌人,0.5
,270,黄金,136,敌人,3
,270,工具,137,敌人,1
,271,黄金,138,敌人,0.7
,271,石头,139,敌人,0.5
,271,原料,140,敌人,0.1
,272,声誉,141,敌人,150
,272,法力,142,敌人,5
,272,水晶,143,敌人,0.5
,273,黄金,144,敌人,1
,273,奶牛,145,敌人,0.3
,273,马,146,敌人,0.1
,274,研究点,147,敌人,0.5
上限,274,研究点,148,敌人,1500
,275,木材,149,敌人,1
,275,工具,150,敌人,0.3
,276,木材,151,敌人,1.5
,276,原料,152,敌人,0.5
,276,钢,153,敌人,0.5
,277,声誉,154,敌人,50
,277,奶牛,155,敌人,0.5
,277,马,156,敌人,0.3
,277,水晶,157,敌人,0.3
,278,声誉,158,敌人,50
,279,铜,159,敌人,1
,279,铁,160,敌人,1
,280,幸运石,161,敌人,1
,280,黄金,162,敌人,0.2
,281,声誉,163,敌人,40
,281,信念,164,敌人,1
,281,法力,165,敌人,1
,282,声誉,167,敌人,40
,282,黄金,168,敌人,2
,282,食物,169,敌人,1
,283,声誉,170,敌人,15
,283,黄金,171,敌人,1
,283,工具,172,敌人,0.3
,284,幸运石,173,敌人,1
,285,木材,174,敌人,0.7
,285,石头,175,敌人,0.5
,286,声誉,176,敌人,50
,286,木材,177,敌人,2
,287,声誉,178,敌人,50
,287,石头,179,敌人,1
,287,原料,180,敌人,0.5
,287,钢,181,敌人,0.5
,288,声誉,182,敌人,40
,288,黄金,183,敌人,2
,288,钢,184,敌人,0.3
,289,声誉,185,敌人,50
,289,食物,186,敌人,2
,289,木材,187,敌人,2
上限,289,食物,188,敌人,1000
,290,奶牛,189,敌人,0.2
,290,马,190,敌人,0.1
,291,信念,191,敌人,1
,291,法力,192,敌人,1
,292,声誉,193,敌人,20
,292,信念,194,敌人,1
,292,法力,195,敌人,1
,293,信念,196,敌人,1
,293,法力,197,敌人,1
,294,黄金,198,敌人,1
,294,铁,199,敌人,0.3
,295,法力,200,敌人,1
,295,水晶,201,敌人,0.1
上限,296,奶牛,202,敌人,200
上限,296,马,203,敌人,100
上限,297,木材,204,敌人,500
上限,297,石头,205,敌人,500
,298,铁,206,敌人,2
,298,钢,207,敌人,1
,298,人口,208,敌人,3
,299,法力,209,敌人,5
,299,水晶,210,敌人,0.5
,299,人口,211,敌人,3
,300,食物,212,敌人,5
,300,补给,213,敌人,1
,300,人口,214,敌人,3
,301,木材,215,敌人,3
,301,石头,216,敌人,3
,301,人口,217,敌人,3
,302,黄金,218,敌人,2
,303,人口,220,敌人,2
,304,幸运石,223,敌人,1
,304,黄金,224,敌人,0.4
上限,305,木材,225,敌人,1000
上限,305,石头,226,敌人,1000
上限,305,铜,227,敌人,500
上限,305,铁,228,敌人,500
上限,305,工具,229,敌人,500
,306,声誉,230,敌人,50
,306,人口,231,敌人,1
,306,光明,232,敌人,1
,307,声誉,233,敌人,150
,308,声誉,235,敌人,15
,308,黄金,236,敌人,2
,308,食物,237,敌人,1
,309,幸运石,238,敌人,1
,309,原料,239,敌人,0.4
,309,钢,240,敌人,0.4
,310,食物,241,敌人,2
,310,奶牛,242,敌人,0.3
,311,木材,243,敌人,1.5
,311,原料,244,敌人,0.1
,312,声誉,245,敌人,30
,312,黄金,246,敌人,2
,312,补给,247,敌人,0.2
,313,人口,248,敌人,1
,314,信念,249,敌人,1
,314,法力,250,敌人,1
上限,315,研究点,251,敌人,5000
上限,315,水晶,252,敌人,1000
,316,补给,253,敌人,0.2
,317,石头,254,敌人,0.6
,317,法力,255,敌人,0.6
,318,铜,256,敌人,0.3
,318,铁,257,敌人,0.2
,319,信念,258,敌人,1
,319,法力,259,敌人,1
,320,食物,260,敌人,1
,321,研究点,261,敌人,1
,322,研究点,262,敌人,1.5
,323,声誉,264,敌人,30
,323,补给,265,敌人,0.3
,324,木材,266,敌人,0.3
,324,石头,267,敌人,0.3
,325,黄金,268,敌人,0.5
,326,铁,269,敌人,0.2
,327,人口,270,敌人,1
,328,食物,271,敌人,0.5
,329,光明,272,敌人,2
上限,329,信念,273,敌人,10000
上限,329,法力,274,敌人,10000
,330,黄金,275,敌人,1
,330,原料,276,敌人,0.2
,331,声誉,277,敌人,50
,331,黄金,278,敌人,2
,331,补给,279,敌人,0.3
,332,声誉,280,敌人,10
,333,声誉,281,敌人,50
,333,黄金,282,敌人,1
,334,声誉,284,敌人,50
,334,研究点,285,敌人,2
,335,声誉,286,敌人,100
,335,硝石,287,敌人,1
,336,光明,288,敌人,1
,337,声誉,289,敌人,50
,337,光明,290,敌人,2
,338,声誉,291,敌人,150
,338,光明,292,敌人,3
,548,提供收益,2,成就,
,549,声誉,4,成就,0.01
,550,声誉,5,成就,0.03
,551,声誉,6,成就,0.05
,552,声誉,7,成就,0.1
,553,声誉,8,成就,0.15
,554,声誉,9,成就,0.2
,555,木材,10,成就,0.03
,555,石头,11,成就,0.03
,555,研究点,12,成就,0.03
,556,黄金,13,成就,0.05
,556,食物,14,成就,0.05
,556,工具,15,成就,0.05
,557,铜,16,成就,0.1
,557,铁,17,成就,0.1
,557,声誉,18,成就,0.1
,558,原料,19,成就,0.1
,558,补给,20,成就,0.1
,558,钢,21,成就,0.1
,558,水晶,22,成就,0.1
,558,硝石,23,成就,0.1
,559,研究点,24,成就,0.15
,559,黄金,25,成就,0.15
,559,钠红石,26,成就,0.15
,560,声誉,27,成就,0.2
,561,声誉,28,成就,0.02
,562,声誉,29,成就,0.04
,563,声誉,30,成就,0.08
,564,声誉,31,成就,0.16
,565,黄金,32,成就,0.02
上限,565,军队,33,成就,2
,566,信念,34,成就,0.01
,566,法力,35,成就,0.01
,567,信念,36,成就,0.02
,567,法力,37,成就,0.02
,568,信念,38,成就,0.02
,568,法力,39,成就,0.02
,568,声誉,40,成就,0.01
防御,568,武僧,41,成就,2
防御,568,圣职者,42,成就,2
,569,黄金,43,成就,0.01
,569,木材,44,成就,0.01
,570,黄金,45,成就,0.02
,570,木材,46,成就,0.02
,571,黄金,47,成就,0.02
,571,木材,48,成就,0.02
,571,声誉,49,成就,0.01
攻击,571,战士,50,成就,2
攻击,571,重装战士,51,成就,2
,572,钠红石,52,成就,0.01
,572,硝石,53,成就,0.01
,573,钠红石,54,成就,0.02
,573,硝石,55,成就,0.02
,574,钠红石,56,成就,0.03
,574,硝石,57,成就,0.03
,574,声誉,58,成就,0.01
上限,574,钠红石,59,成就,1500
上限,574,硝石,60,成就,1500
,575,法力,61,成就,0.01
上限,575,法力,62,成就,500
,576,法力,63,成就,0.02
上限,576,法力,64,成就,1000
,577,法力,65,成就,0.03
,577,声誉,66,成就,0.01
上限,577,法力,67,成就,1500
防御,577,圣职者,68,成就,2
,578,声誉,69,成就,0.1
,579,声誉,70,成就,0.2
,580,声誉,71,成就,0.3
,581,铜,72,成就,0.01
,581,铁,73,成就,0.01
,582,铜,74,成就,0.02
,582,铁,75,成就,0.02
,583,铜,76,成就,0.03
,583,铁,77,成就,0.03
,583,声誉,78,成就,0.01
上限,583,铜,79,成就,2500
上限,583,铁,80,成就,2500
,584,黄金,81,成就,0.01
上限,584,黄金,82,成就,500
,585,黄金,83,成就,0.02
上限,585,黄金,84,成就,1000
,586,黄金,85,成就,0.03
,586,声誉,86,成就,0.01
上限,586,黄金,87,成就,2500
攻击,586,佣兵,88,成就,3
防御,586,佣兵,89,成就,3
,587,黄金,90,成就,0.01
,587,工具,91,成就,0.01
,588,黄金,92,成就,0.02
,588,工具,93,成就,0.02
,589,黄金,94,成就,0.03
,589,工具,95,成就,0.03
,589,声誉,96,成就,0.01
攻击,589,弩手,97,成就,2
攻击,589,投石机,98,成就,2
,590,法力,99,成就,0.01
,590,水晶,100,成就,0.01
,591,法力,101,成就,0.02
,591,水晶,102,成就,0.02
,592,法力,103,成就,0.03
,592,水晶,104,成就,0.03
,592,声誉,105,成就,0.01
上限,592,法力,106,成就,2500
上限,592,水晶,107,成就,1000
,593,食物,108,成就,0.01
,593,木材,109,成就,0.01
,594,食物,110,成就,0.02
,594,木材,111,成就,0.02
,595,食物,112,成就,0.02
,595,木材,113,成就,0.02
,595,声誉,114,成就,0.01
上限,595,食物,115,成就,2000
上限,595,木材,116,成就,2000
,596,声誉,117,成就,15
,597,声誉,118,成就,30
,598,声誉,119,成就,50
,598,声誉,120,成就,0.01
,599,黄金,121,成就,0.01
,599,补给,122,成就,0.01
,600,黄金,123,成就,0.02
,600,补给,124,成就,0.02
,601,黄金,125,成就,0.03
,601,补给,126,成就,0.03
,601,声誉,127,成就,0.01
防御,601,牧师,128,成就,2
防御,601,重装战士,129,成就,2
,602,研究点,130,成就,0.01
,602,水晶,131,成就,0.01
,603,研究点,132,成就,0.02
,603,水晶,133,成就,0.02
,604,研究点,134,成就,0.03
,604,水晶,135,成就,0.03
,604,声誉,136,成就,0.01
防御,604,圣职者,137,成就,2
上限,604,研究点,138,成就,3000
,605,食物,139,成就,0.01
,605,补给,140,成就,0.01
,606,食物,141,成就,0.02
,606,补给,142,成就,0.02
,607,食物,143,成就,0.03
,607,补给,144,成就,0.03
,607,声誉,145,成就,0.01
防御,607,定居点民兵,146,成就,3
防御,607,调查兵团士兵,147,成就,3
,608,研究点,148,成就,0.01
上限,608,研究点,149,成就,500
,609,研究点,150,成就,0.02
上限,609,研究点,151,成就,1000
,610,研究点,152,成就,0.03
,610,声誉,153,成就,0.01
防御,610,武僧,154,成就,2
防御,610,圣职者,155,成就,2
上限,610,研究点,156,成就,2000
,611,黄金,157,成就,0.01
,611,补给,158,成就,0.01
,612,黄金,159,成就,0.02
,612,补给,160,成就,0.02
,613,黄金,161,成就,0.03
,613,补给,162,成就,0.03
,613,声誉,163,成就,0.01
攻击,613,弩手,164,成就,2
上限,613,黄金,165,成就,2500
,614,研究点,166,成就,0.01
上限,614,研究点,167,成就,500
,615,研究点,168,成就,0.02
上限,615,研究点,169,成就,1000
,616,研究点,170,成就,0.03
,616,声誉,171,成就,0.01
攻击,616,佣兵,172,成就,3
攻击,616,白色连队,173,成就,3
上限,616,研究点,174,成就,2500
,617,硝石,175,成就,0.01
上限,617,硝石,176,成就,500
,618,硝石,177,成就,0.02
上限,618,硝石,178,成就,1000
,619,硝石,179,成就,0.03
,619,声誉,180,成就,0.01
上限,619,硝石,181,成就,2000
,620,黄金,182,成就,0.01
,620,食物,183,成就,0.01
,621,黄金,184,成就,0.02
,621,食物,185,成就,0.02
,622,黄金,186,成就,0.03
,622,食物,187,成就,0.03
,622,声誉,188,成就,0.01
攻击,622,佣兵,189,成就,2
,623,石头,190,成就,0.01
,623,钢,191,成就,0.01
,624,石头,192,成就,0.02
,624,钢,193,成就,0.02
,625,石头,194,成就,0.03
,625,钢,195,成就,0.03
,625,声誉,196,成就,0.01
攻击,625,佣兵,197,成就,2
,626,木材,198,成就,0.01
,626,原料,199,成就,0.01
,627,木材,200,成就,0.02
,627,原料,201,成就,0.02
,628,木材,202,成就,0.03
,628,原料,203,成就,0.03
,628,声誉,204,成就,0.01
攻击,628,弩手,205,成就,2
,629,奶牛,206,成就,0.01
,629,马,207,成就,0.01
,630,奶牛,208,成就,0.02
,630,马,209,成就,0.02
,631,奶牛,210,成就,0.03
,631,马,211,成就,0.03
,631,声誉,212,成就,0.01
攻击,631,轻骑兵,213,成就,2
攻击,631,骑士,214,成就,2
,632,原料,215,成就,0.01
,632,钢,216,成就,0.01
,633,原料,217,成就,0.02
,633,钢,218,成就,0.02
,634,原料,219,成就,0.03
,634,钢,220,成就,0.03
,634,声誉,221,成就,0.01
上限,634,原料,222,成就,750
上限,634,钢,223,成就,750
,635,铜,224,成就,0.01
,635,铁,225,成就,0.01
,636,铜,226,成就,0.02
,636,铁,227,成就,0.02
,637,铜,228,成就,0.03
,637,铁,229,成就,0.03
,637,声誉,230,成就,0.01
上限,637,铜,231,成就,1500
上限,637,铁,232,成就,1500
,638,研究点,233,成就,0.02
,638,黄金,234,成就,0.02
,638,食物,235,成就,0.02
,639,研究点,236,成就,0.01
,639,黄金,237,成就,0.01
,640,黄金,238,成就,0.01
,641,研究点,239,成就,0.02
,641,黄金,240,成就,0.02
,641,食物,241,成就,0.02
,642,研究点,242,成就,0.03
,642,黄金,243,成就,0.03
,642,食物,244,成就,0.03
,642,法力,245,成就,0.03
,643,研究点,246,成就,0.08
,643,黄金,247,成就,0.08
攻击,643,弓箭手,248,成就,2
攻击,643,战士,249,成就,2
攻击,643,指挥官,250,成就,7
防御,643,指挥官,251,成就,7
,644,原料,252,成就,0.01
,644,补给,253,成就,0.01
,645,研究点,254,成就,0.01
,646,原料,255,成就,0.02
,646,补给,256,成就,0.02
,646,钢,257,成就,0.02
,647,原料,258,成就,0.03
,647,补给,259,成就,0.03
,647,钢,260,成就,0.03
,647,水晶,261,成就,0.03
,647,硝石,262,成就,0.03
,648,声誉,263,成就,0.02
攻击,648,弩手,264,成就,3
防御,648,超重装战士,265,成就,3
攻击,648,指挥官,266,成就,9
防御,648,指挥官,267,成就,9
,649,硝石,268,成就,0.01
,649,钠红石,269,成就,0.01
,650,食物,270,成就,0.01
,651,硝石,271,成就,0.02
,651,钠红石,272,成就,0.02
,651,食物,273,成就,0.02
,652,硝石,274,成就,0.03
,652,钠红石,275,成就,0.03
,652,食物,276,成就,0.03
,652,法力,277,成就,0.03
,653,声誉,278,成就,0.02
攻击,653,火绳枪兵,279,成就,3
防御,653,线列步兵,280,成就,3
攻击,653,将军,281,成就,10
防御,653,将军,282,成就,10
,654,硝石,283,成就,0.01
,654,钠红石,284,成就,0.01
攻击,655,城市,285,成就,5
,656,硝石,286,成就,0.02
,656,钠红石,287,成就,0.02
攻击,656,城市,288,成就,5
,657,硝石,289,成就,0.03
,657,钠红石,290,成就,0.03
攻击,657,城市,291,成就,10
防御,657,城市,292,成就,10
,658,声誉,293,成就,0.03
攻击,658,将军,294,成就,10
防御,658,将军,295,成就,10
攻击,658,城市,296,成就,100
防御,658,城市,297,成就,100
上限,659,军队,298,成就,5
,659,黄金,299,成就,0.02
上限,660,军队,300,成就,5
上限,661,军队,301,成就,15
,661,黄金,302,成就,0.03
上限,662,军队,303,成就,30
,662,研究点,304,成就,0.05
,662,黄金,305,成就,0.05
,662,食物,306,成就,0.05
,663,声誉,307,成就,0.04
上限,663,军队,308,成就,50
攻击,663,定居点民兵,309,成就,7
防御,663,定居点民兵,310,成就,7
攻击,663,将军,311,成就,15
防御,663,将军,312,成就,15
上限,664,军队,313,成就,15
,664,黄金,314,成就,0.05
上限,665,军队,315,成就,10
上限,666,军队,316,成就,25
,666,黄金,317,成就,0.06
上限,667,军队,318,成就,35
,667,研究点,319,成就,0.08
,667,黄金,320,成就,0.08
,667,食物,321,成就,0.08
,668,声誉,322,成就,0.06
上限,668,军队,323,成就,50
攻击,668,机枪手,324,成就,15
防御,668,机枪手,325,成就,15
攻击,668,步枪手,326,成就,15
防御,668,步枪手,327,成就,15
,669,声誉,328,成就,0.1
,670,声誉,329,成就,20
,670,木材,330,成就,0.02
,670,石头,331,成就,0.02
,671,声誉,332,成就,50
,671,信念,333,成就,0.02
,671,法力,334,成就,0.02
,672,声誉,335,成就,75
,672,奶牛,336,成就,0.02
,672,马,337,成就,0.02
,673,声誉,338,成就,70
,673,研究点,339,成就,0.02
,674,原料,340,成就,0.02
,674,钢,341,成就,0.02
,674,补给,342,成就,0.02
,674,钠红石,343,成就,0.02
,675,声誉,344,成就,100
,675,钠红石,345,成就,0.02
上限,675,钠红石,346,成就,200
攻击,676,城市,347,成就,50
防御,676,城市,348,成就,25
,677,声誉,349,成就,50
,677,黄金,350,成就,0.02
,677,食物,351,成就,0.02
,678,黄金,352,成就,0.03
,678,信念,353,成就,0.03
,678,法力,354,成就,0.03
,679,研究点,355,成就,0.01
,679,法力,356,成就,0.01
,680,声誉,357,成就,80
,680,法力,358,成就,0.02
上限,680,法力,359,成就,100
,681,声誉,360,成就,80
,681,原料,361,成就,0.02
,681,钢,362,成就,0.02
,681,补给,363,成就,0.02
,682,木材,364,成就,0.03
,682,石头,365,成就,0.03
,682,工具,366,成就,0.03
,682,铜,367,成就,0.03
,682,铁,368,成就,0.03
,683,声誉,369,成就,100
,683,黄金,370,成就,0.02
,684,声誉,371,成就,80
,684,法力,372,成就,0.02
,685,声誉,373,成就,50
攻击,685,城市,374,成就,30
防御,685,城市,375,成就,10
,686,声誉,376,成就,15
防御,686,城市,377,成就,5
,687,声誉,378,成就,30
防御,687,城市,379,成就,10
攻击,688,城市,380,成就,10
防御,688,城市,381,成就,5
攻击,689,城市,382,成就,15
攻击,690,城市,383,成就,5
防御,690,城市,384,成就,15
攻击,691,城市,385,成就,20
防御,691,城市,386,成就,10
攻击,692,城市,387,成就,5
防御,692,城市,388,成就,10
,693,研究点,389,成就,0.01
,694,研究点,390,成就,0.02
,695,研究点,391,成就,0.03
上限,696,硝石,392,成就,1000
上限,697,硝石,393,成就,2000
上限,698,硝石,394,成就,4000
上限,699,铜,395,成就,1000
上限,699,铁,396,成就,1000
上限,699,工具,397,成就,1000
上限,700,铜,398,成就,2000
上限,700,铁,399,成就,2000
上限,700,工具,400,成就,2000
上限,701,铜,401,成就,4000
上限,701,铁,402,成就,4000
上限,701,工具,403,成就,4000
上限,702,木材,404,成就,1250
上限,702,石头,405,成就,1250
上限,703,木材,406,成就,2500
上限,703,石头,407,成就,2500
上限,704,木材,408,成就,5000
上限,704,石头,409,成就,5000
,705,黄金,410,成就,0.01
,706,黄金,411,成就,0.02
,707,黄金,412,成就,0.03
上限,708,研究点,413,成就,250
上限,709,研究点,414,成就,500
上限,710,研究点,415,成就,1000
,711,研究点,416,成就,0.02
,711,黄金,417,成就,0.02
,712,研究点,418,成就,0.03
,712,黄金,419,成就,0.03
,713,研究点,420,成就,0.05
,713,黄金,421,成就,0.05
,714,食物,422,成就,0.03
,715,食物,423,成就,0.05
,716,食物,424,成就,0.1
上限,717,食物,425,成就,500
上限,717,木材,426,成就,500
上限,717,石头,427,成就,500
上限,718,食物,428,成就,1500
上限,718,木材,429,成就,1500
上限,718,石头,430,成就,1500
上限,719,食物,431,成就,2500
上限,719,木材,432,成就,2500
上限,719,石头,433,成就,2500
,720,研究点,434,成就,0.01
,720,法力,435,成就,0.01
,721,研究点,436,成就,0.03
,721,法力,437,成就,0.03
上限,722,水晶,438,成就,500
上限,722,马,439,成就,250
上限,723,水晶,440,成就,1000
上限,723,马,441,成就,500
,724,食物,442,成就,0.01
,725,食物,443,成就,0.02
,726,食物,444,成就,0.03
,727,食物,445,成就,0.02
,728,食物,446,成就,0.05
,729,食物,447,成就,0.1
,730,黄金,448,成就,0.01
,730,食物,449,成就,0.01
上限,731,军队,450,成就,5
上限,732,军队,451,成就,5
,733,木材,452,成就,0.01
,734,木材,453,成就,0.02
,735,木材,454,成就,0.03
,736,石头,455,成就,0.01
,737,石头,456,成就,0.02
,738,石头,457,成就,0.03
,739,黄金,458,成就,0.01
,739,工具,459,成就,0.01
,740,黄金,460,成就,0.02
,740,工具,461,成就,0.02
,741,黄金,462,成就,0.03
,741,工具,463,成就,0.03
,742,铜,464,成就,0.01
,742,铁,465,成就,0.01
,743,铜,466,成就,0.02
,743,铁,467,成就,0.02
,744,铜,468,成就,0.03
,744,铁,469,成就,0.03
,745,木材,470,成就,0.02
,745,石头,471,成就,0.02
,746,木材,472,成就,0.05
,746,石头,473,成就,0.05
,747,木材,474,成就,0.1
,747,石头,475,成就,0.1
,748,工具,476,成就,0.02
,748,原料,477,成就,0.02
,748,钢,478,成就,0.02
,748,补给,479,成就,0.02
,749,工具,480,成就,0.05
,749,原料,481,成就,0.05
,749,钢,482,成就,0.05
,749,补给,483,成就,0.05
,750,工具,484,成就,0.1
,750,原料,485,成就,0.1
,750,钢,486,成就,0.1
,750,补给,487,成就,0.1
,751,钠红石,488,成就,0.02
,752,钠红石,489,成就,0.05
,753,钠红石,490,成就,0.1
,754,研究点,491,成就,0.01
,755,研究点,492,成就,0.02
,756,研究点,493,成就,0.03
,757,研究点,494,成就,0.02
,758,研究点,495,成就,0.05
,759,研究点,496,成就,0.1
上限,760,研究点,497,成就,500
上限,761,研究点,498,成就,1000
,762,原料,499,成就,0.02
,762,钢,500,成就,0.02
,763,原料,501,成就,0.04
,763,钢,502,成就,0.04
,764,食物,503,成就,0.01
,764,钠红石,504,成就,0.01
,765,食物,505,成就,0.03
,765,钠红石,506,成就,0.03
,766,法力,507,成就,0.02
,766,钠红石,508,成就,0.02
,767,法力,509,成就,0.04
,767,钠红石,510,成就,0.04
,768,研究点,511,成就,0.02
,768,黄金,512,成就,0.02
,769,研究点,513,成就,0.04
,769,黄金,514,成就,0.04
,770,黄金,515,成就,0.02
,771,黄金,516,成就,0.04
上限,772,原料,517,成就,100
上限,772,钢,518,成就,100
上限,772,补给,519,成就,100
上限,772,水晶,520,成就,100
上限,773,原料,521,成就,150
上限,773,钢,522,成就,150
上限,773,补给,523,成就,150
上限,773,水晶,524,成就,150
上限,774,原料,525,成就,200
上限,774,钢,526,成就,200
上限,774,补给,527,成就,200
上限,774,水晶,528,成就,200
上限,775,木材,529,成就,250
上限,775,石头,530,成就,250
上限,775,铜,531,成就,250
上限,775,铁,532,成就,250
上限,775,工具,533,成就,250
上限,776,木材,534,成就,750
上限,776,石头,535,成就,750
上限,776,铜,536,成就,750
上限,776,铁,537,成就,750
上限,776,工具,538,成就,750
上限,777,木材,539,成就,1500
上限,777,石头,540,成就,1500
上限,777,铜,541,成就,1500
上限,777,铁,542,成就,1500
上限,777,工具,543,成就,1500
上限,778,木材,544,成就,50
上限,778,石头,545,成就,50
上限,778,铜,546,成就,50
上限,778,铁,547,成就,50
上限,779,木材,548,成就,250
上限,779,石头,549,成就,250
上限,779,铜,550,成就,250
上限,779,铁,551,成就,250
上限,780,木材,552,成就,500
上限,780,石头,553,成就,500
上限,780,铜,554,成就,500
上限,780,铁,555,成就,500
,781,奶牛,556,成就,0.01
,781,马,557,成就,0.01
,782,奶牛,558,成就,0.02
,782,马,559,成就,0.02
,783,奶牛,560,成就,0.03
,783,马,561,成就,0.03
,784,黄金,562,成就,0.01
,785,黄金,563,成就,0.02
,786,黄金,564,成就,0.03
,787,黄金,565,成就,0.01
,788,黄金,566,成就,0.02
,789,黄金,567,成就,0.02
,790,黄金,568,成就,0.05
,791,信念,569,成就,0.01
,792,信念,570,成就,0.02
,793,信念,571,成就,0.02
,794,信念,572,成就,0.05
,795,法力,573,成就,0.01
,796,法力,574,成就,0.02
上限,797,信念,575,成就,100
上限,797,法力,576,成就,100
上限,798,信念,577,成就,200
上限,798,法力,578,成就,200
,799,信念,579,成就,0.02
,799,法力,580,成就,0.02
,800,信念,581,成就,0.05
,800,法力,582,成就,0.05
,801,幸运石,583,成就,0.02
,802,幸运石,584,成就,0.03
,803,原料,585,成就,0.01
,803,补给,586,成就,0.01
,803,钢,587,成就,0.01
,803,水晶,588,成就,0.01
,803,硝石,589,成就,0.01
,804,原料,590,成就,0.03
,804,补给,591,成就,0.03
,804,钢,592,成就,0.03
,804,水晶,593,成就,0.03
,804,硝石,594,成就,0.03
,805,食物,595,成就,0.01
,805,奶牛,596,成就,0.01
,805,马,597,成就,0.01
,806,食物,598,成就,0.02
,806,奶牛,599,成就,0.02
,806,马,600,成就,0.02
,807,铜,601,成就,0.01
,807,铁,602,成就,0.01
,807,工具,603,成就,0.01
,808,铜,604,成就,0.02
,808,铁,605,成就,0.02
,808,工具,606,成就,0.02
,809,原料,607,成就,0.01
,810,原料,608,成就,0.02
,811,补给,609,成就,0.01
,812,补给,610,成就,0.02
,813,钢,611,成就,0.01
,814,钢,612,成就,0.02
,815,水晶,613,成就,0.01
,816,水晶,614,成就,0.02
,817,原料,615,成就,0.02
,817,补给,616,成就,0.02
,817,钢,617,成就,0.02
,817,水晶,618,成就,0.02
,817,硝石,619,成就,0.02
,818,原料,620,成就,0.05
,818,补给,621,成就,0.05
,818,钢,622,成就,0.05
,818,水晶,623,成就,0.05
,818,硝石,624,成就,0.05
上限,819,木材,625,成就,250
上限,819,石头,626,成就,250
上限,819,铜,627,成就,250
上限,819,铁,628,成就,250
上限,819,工具,629,成就,250
上限,820,木材,630,成就,500
上限,820,石头,631,成就,500
上限,820,铜,632,成就,500
上限,820,铁,633,成就,500
上限,820,工具,634,成就,500
上限,821,木材,635,成就,500
上限,821,石头,636,成就,500
上限,821,铜,637,成就,500
上限,821,铁,638,成就,500
上限,821,工具,639,成就,500
上限,822,木材,640,成就,1000
上限,822,石头,641,成就,1000
上限,822,铜,642,成就,1000
上限,822,铁,643,成就,1000
上限,822,工具,644,成就,1000
上限,823,原料,645,成就,100
上限,823,补给,646,成就,100
上限,823,钢,647,成就,100
上限,823,水晶,648,成就,100
上限,823,硝石,649,成就,100
上限,824,原料,650,成就,250
上限,824,补给,651,成就,250
上限,824,钢,652,成就,250
上限,824,水晶,653,成就,250
上限,824,硝石,654,成就,250
上限,825,原料,655,成就,250
上限,825,补给,656,成就,250
上限,825,钢,657,成就,250
上限,825,水晶,658,成就,250
上限,825,硝石,659,成就,250
上限,826,原料,660,成就,500
上限,826,补给,661,成就,500
上限,826,钢,662,成就,500
上限,826,水晶,663,成就,500
上限,826,硝石,664,成就,500
上限,827,钠红石,665,成就,500
上限,828,钠红石,666,成就,1000
上限,829,军队,667,成就,2
上限,830,军队,668,成就,5
上限,831,军队,669,成就,5
上限,832,军队,670,成就,1
上限,833,军队,671,成就,5
上限,834,军队,672,成就,10
上限,835,军队,673,成就,5
防御,836,城市,674,成就,15
防御,837,城市,675,成就,30
防御,838,城市,676,成就,70
,839,黄金,677,成就,0.01
,839,食物,678,成就,0.01
,839,法力,679,成就,0.01
,840,黄金,680,成就,0.02
,840,食物,681,成就,0.02
,840,法力,682,成就,0.02
,841,黄金,683,成就,0.03
,841,食物,684,成就,0.03
,841,法力,685,成就,0.03
,842,黄金,686,成就,0.01
,842,研究点,687,成就,0.01
,843,黄金,688,成就,0.02
,843,研究点,689,成就,0.02
,844,黄金,690,成就,0.03
,844,研究点,691,成就,0.03
,845,木材,692,成就,0.02
,845,石头,693,成就,0.02
,846,木材,694,成就,0.03
,846,石头,695,成就,0.03
,847,木材,696,成就,0.04
,847,石头,697,成就,0.04
,848,铜,698,成就,0.02
,848,铁,699,成就,0.02
,849,铜,700,成就,0.03
,849,铁,701,成就,0.03
,850,铜,702,成就,0.04
,850,铁,703,成就,0.04
,851,辉烬,704,成就,0.02
,852,辉烬,705,成就,0.03
,853,辉烬,706,成就,0.04
,854,研究点,707,成就,0.02
,855,研究点,708,成就,0.03
,856,研究点,709,成就,0.04
上限,857,军队,710,成就,5
上限,858,军队,711,成就,7
上限,859,军队,712,成就,10
上限,860,军队,713,成就,3
上限,861,军队,714,成就,6
上限,862,军队,715,成就,12
上限,863,军队,716,成就,3
,864,声誉,717,成就,0.01
上限,864,军队,718,成就,6
,865,声誉,719,成就,0.02
上限,865,军队,720,成就,12
上限,866,军队,721,成就,3
攻击,866,佣兵,722,成就,5
防御,866,佣兵,723,成就,5
上限,867,军队,724,成就,6
攻击,867,佣兵,725,成就,6
防御,867,佣兵,726,成就,6
上限,868,军队,727,成就,12
攻击,868,佣兵,728,成就,8
防御,868,佣兵,729,成就,8
上限,869,军队,730,成就,3
攻击,869,佣兵,731,成就,5
防御,869,佣兵,732,成就,5
上限,870,军队,733,成就,6
攻击,870,佣兵,734,成就,6
防御,870,佣兵,735,成就,6
上限,871,军队,736,成就,12
攻击,871,佣兵,737,成就,8
防御,871,佣兵,738,成就,8
,872,法力,739,成就,0.04
,873,法力,740,成就,0.06
,874,法力,741,成就,0.08
上限,875,木材,742,成就,2000
上限,875,石头,743,成就,2000
上限,875,铜,744,成就,2000
上限,875,铁,745,成就,2000
上限,875,工具,746,成就,2000
上限,876,木材,747,成就,4000
上限,876,石头,748,成就,4000
上限,876,铜,749,成就,4000
上限,876,铁,750,成就,4000
上限,876,工具,751,成就,4000
上限,877,木材,752,成就,12000
上限,877,石头,753,成就,12000
上限,877,铜,754,成就,12000
上限,877,铁,755,成就,12000
上限,877,工具,756,成就,12000
,878,研究点,757,成就,0.02
,878,信念,758,成就,0.02
,878,法力,759,成就,0.02
,878,水晶,760,成就,0.02
,879,研究点,761,成就,0.04
,879,信念,762,成就,0.04
,879,法力,763,成就,0.04
,879,水晶,764,成就,0.04
,880,研究点,765,成就,0.08
,880,信念,766,成就,0.08
,880,法力,767,成就,0.08
,880,水晶,768,成就,0.08
,881,钢,769,成就,0.02
,882,钢,770,成就,0.04
,883,钢,771,成就,0.08
,884,水晶,772,成就,0.02
,885,水晶,773,成就,0.04
,886,水晶,774,成就,0.08
,887,辉烬,775,成就,0.02
,888,辉烬,776,成就,0.04
,889,辉烬,777,成就,0.08
,890,食物,778,成就,0.02
,891,食物,779,成就,0.04
,892,食物,780,成就,0.08
,893,黄金,781,成就,0.02
,894,黄金,782,成就,0.04
,895,黄金,783,成就,0.08
,896,法力,784,成就,0.02
,897,法力,785,成就,0.04
,898,法力,786,成就,0.08
,899,钠红石,787,成就,0.02
,899,辉烬,788,成就,0.02
,900,钠红石,789,成就,0.04
,900,辉烬,790,成就,0.04
,901,钠红石,791,成就,0.08
,901,辉烬,792,成就,0.08
,902,提供收益,2,传承,
上限,903,研究点,4,传承,1000
上限,903,黄金,5,传承,1000
,904,木材,6,传承,0.05
,904,木材,7,传承,1
,905,幸运石,8,传承,1
,906,食物,9,传承,0.05
,906,食物,10,传承,1
,907,石头,11,传承,0.05
,907,石头,12,传承,1
上限,908,木材,13,传承,1000
上限,908,石头,14,传承,1000
上限,908,铜,15,传承,500
上限,908,铁,16,传承,500
上限,909,信念,17,传承,1000
上限,909,法力,18,传承,1000
,910,声誉,19,传承,0.05
,911,食物,20,传承,1
,911,木材,21,传承,1
,911,石头,22,传承,1
,912,工具,23,传承,0.1
,912,奶牛,24,传承,0.1
,912,马,25,传承,0.1
,913,黄金,26,传承,300
,913,木材,27,传承,300
,913,石头,28,传承,300
,914,食物,29,传承,2
,914,石头,30,传承,2
,914,木材,31,传承,2
攻击,915,弓箭手,32,传承,2
防御,915,长矛兵,33,传承,2
,916,研究点,34,传承,0.1
,917,黄金,35,传承,0.1
,918,铜,36,传承,0.07000000000000001
,918,铁,37,传承,0.07000000000000001
,919,人口,38,传承,2
,920,铜,39,传承,0.5
,920,铁,40,传承,0.5
,920,工具,41,传承,0.5
上限,921,木材,42,传承,2500
上限,921,石头,43,传承,2500
上限,921,铜,44,传承,1000
上限,921,铁,45,传承,1000
上限,921,工具,46,传承,1000
上限,921,奶牛,47,传承,250
上限,921,马,48,传承,250
上限,922,信念,49,传承,2500
上限,922,法力,50,传承,2500
,923,幸运石,51,传承,2
防御,924,城市,52,传承,40
,925,信念,53,传承,0.1
,925,法力,54,传承,0.05
,927,木材,56,传承,0.1
,927,木材,57,传承,1
,928,食物,58,传承,0.1
,928,食物,59,传承,1
,929,石头,60,传承,0.1
,929,石头,61,传承,1
上限,930,研究点,62,传承,2500
上限,930,黄金,63,传承,2500
上限,932,军队,66,传承,15
,933,黄金,67,传承,600
,933,木材,68,传承,600
,933,石头,69,传承,600
上限,933,黄金,70,传承,500
,934,补给,71,传承,0.15
,934,原料,72,传承,0.15
,934,水晶,73,传承,0.15
,934,钢,74,传承,0.15
攻击,935,弓箭手,75,传承,2
防御,935,长矛兵,76,传承,2
攻击,935,战士,77,传承,3
防御,935,重装战士,78,传承,3
上限,936,木材,79,传承,5000
上限,936,石头,80,传承,5000
上限,936,原料,81,传承,1000
上限,936,钢,82,传承,1000
上限,936,补给,83,传承,1000
上限,936,硝石,84,传承,1000
上限,936,水晶,85,传承,1000
,938,工具,87,传承,0.15
,938,奶牛,88,传承,0.15
,938,马,89,传承,0.15
,939,食物,90,传承,4
,939,石头,91,传承,4
,939,木材,92,传承,4
,941,铜,95,传承,0.15
,941,铁,96,传承,0.15
防御,950,城市,114,传承,80
,951,信念,116,传承,0.2
,951,法力,117,传承,0.1
上限,952,研究点,118,传承,5000
上限,952,黄金,119,传承,5000
,953,声誉,120,传承,0.1
,954,幸运石,122,传承,3
上限,959,木材,128,传承,10000
上限,959,石头,129,传承,10000
上限,959,铜,130,传承,7500
上限,959,铁,131,传承,7500
上限,959,工具,132,传承,7500
上限,959,原料,133,传承,5000
上限,959,钢,134,传承,5000
上限,959,水晶,135,传承,2500
上限,959,补给,136,传承,2500
上限,959,硝石,137,传承,2500
上限,960,信念,138,传承,6000
上限,960,法力,139,传承,6000
,963,黄金,144,传承,0.2
上限,964,食物,146,传承,5000
上限,964,奶牛,147,传承,4000
上限,964,马,148,传承,2000
防御,964,战斗天使,149,传承,2
,965,人口,150,传承,5
攻击,966,佣兵,152,传承,3
防御,966,卡纳瓦护卫,153,传承,5
攻击,966,白色连队,154,传承,5
攻击,967,战士,155,传承,3
防御,967,重装战士,156,传承,3
攻击,967,弩手,157,传承,5
防御,967,超重装战士,158,传承,5
上限,970,军队,163,传承,30
,971,研究点,165,传承,0.2
上限,974,木材,170,传承,20000
上限,974,石头,171,传承,20000
上限,974,铜,172,传承,15000
上限,974,铁,173,传承,15000
上限,974,工具,174,传承,15000
上限,974,原料,175,传承,10000
上限,974,钢,176,传承,10000
上限,974,水晶,177,传承,5000
上限,974,补给,178,传承,5000
上限,974,硝石,179,传承,5000
上限,974,钠红石,180,传承,2500
,975,工具,181,传承,0.3
,975,奶牛,182,传承,0.3
,975,马,183,传承,0.3
,976,木材,184,传承,0.2
,976,木材,185,传承,3
,977,食物,186,传承,0.2
,977,食物,187,传承,3
,978,石头,188,传承,0.2
,978,石头,189,传承,3
,979,铜,190,传承,0.3
,979,铁,191,传承,0.3
防御,980,佣兵,192,传承,3
攻击,980,卡纳瓦护卫,193,传承,5
攻击,980,白色连队,194,传承,5
上限,982,木材,197,传承,40000
上限,982,石头,198,传承,40000
上限,982,铜,199,传承,30000
上限,982,铁,200,传承,30000
上限,982,工具,201,传承,30000
上限,982,原料,202,传承,20000
上限,982,钢,203,传承,20000
上限,982,水晶,204,传承,10000
上限,982,补给,205,传承,10000
上限,982,硝石,206,传承,10000
上限,982,钠红石,207,传承,5000
上限,983,研究点,208,传承,10000
上限,983,黄金,209,传承,10000
,984,补给,210,传承,0.25
,984,原料,211,传承,0.25
,984,水晶,212,传承,0.25
,984,钢,213,传承,0.25
,985,人口,214,传承,10
上限,986,木材,216,传承,80000
上限,986,石头,217,传承,80000
上限,986,铜,218,传承,60000
上限,986,铁,219,传承,60000
上限,986,工具,220,传承,60000
上限,986,原料,221,传承,40000
上限,986,钢,222,传承,40000
上限,986,水晶,223,传承,20000
上限,986,补给,224,传承,20000
上限,986,硝石,225,传承,20000
上限,986,钠红石,226,传承,10000
防御,987,城市,227,传承,150
攻击,987,主宰,228,传承,3
防御,987,主宰,229,传承,6
,988,信念,230,传承,0.3
,988,法力,231,传承,0.2
上限,990,军队,234,传承,50
上限,991,食物,236,传承,10000
上限,991,奶牛,237,传承,8000
上限,991,马,238,传承,4000
防御,991,战斗天使,239,传承,4
攻击,993,卡纳瓦护卫,242,传承,5
防御,993,卡纳瓦护卫,243,传承,7
攻击,993,白色连队,244,传承,7
攻击,994,弩手,245,传承,5
防御,994,超重装战士,246,传承,5
防御,994,骑士,247,传承,8
防御,994,指挥官,248,传承,12
,995,幸运石,249,传承,4
,996,黄金,250,传承,0.4
上限,1001,木材,260,传承,160000
上限,1001,石头,261,传承,160000
上限,1001,铜,262,传承,120000
上限,1001,铁,263,传承,120000
上限,1001,工具,264,传承,120000
上限,1001,原料,265,传承,80000
上限,1001,钢,266,传承,80000
上限,1001,水晶,267,传承,40000
上限,1001,补给,268,传承,40000
上限,1001,硝石,269,传承,40000
上限,1001,钠红石,270,传承,20000
上限,1002,信念,271,传承,12000
上限,1002,法力,272,传承,12000
,1003,研究点,273,传承,0.4
,1005,木材,279,传承,0.3
,1006,食物,281,传承,0.3
,1007,石头,283,传承,0.3
,1008,铜,285,传承,0.4
,1008,铁,286,传承,0.4
攻击,1012,火绳枪兵,293,传承,5
攻击,1012,线列步兵,294,传承,5
防御,1012,线列步兵,295,传承,5
防御,1012,重骑兵,296,传承,8
防御,1012,将军,297,传承,12
,1013,补给,298,传承,0.4
,1013,原料,299,传承,0.4
,1013,水晶,300,传承,0.4
,1013,钢,301,传承,0.4
上限,1014,军队,302,传承,100
防御,1015,定居点民兵,304,传承,2
防御,1015,精灵战士,305,传承,7
防御,1015,圣斗士,306,传承,7
攻击,1015,调查兵团士兵,307,传承,7
,1016,人口,308,传承,15
防御,1017,城市,310,传承,200
攻击,1017,主宰,311,传承,6
防御,1017,主宰,312,传承,12
,1018,信念,313,传承,0.5
,1018,法力,314,传承,0.3
,1020,硝石,319,传承,0.15
,1020,钠红石,320,传承,0.15
上限,1021,食物,321,传承,20000
上限,1021,奶牛,322,传承,16000
上限,1021,马,323,传承,8000
防御,1021,战斗天使,324,传承,8
,1023,幸运石,329,传承,6
,1024,黄金,330,传承,0.6
上限,1025,信念,332,传承,25000
上限,1025,法力,333,传承,25000
攻击,1026,超重装战士,334,传承,5
防御,1026,超重装战士,335,传承,5
防御,1026,持盾卫士,336,传承,8
攻击,1026,火炮,337,传承,20
上限,1027,军队,338,传承,150
,1028,硝石,340,传承,0.3
,1028,钠红石,341,传承,0.3
攻击,1029,定居点民兵,342,传承,2
攻击,1029,精灵战士,343,传承,14
防御,1029,巨兽,344,传承,14
攻击,1029,调查兵团士兵,345,传承,14
防御,1030,城市,346,传承,350
攻击,1030,主宰,347,传承,10
防御,1030,主宰,348,传承,20
,1031,信念,349,传承,0.75
,1031,法力,350,传承,0.5
防御,1034,长矛兵,355,传承,10
攻击,1034,超重装战士,356,传承,10
攻击,1034,火绳枪兵,357,传承,10
防御,1034,重骑兵,358,传承,10
防御,1034,线列步兵,359,传承,10
,1035,黄金,360,传承,0.8
攻击,1036,线列步兵,362,传承,8
防御,1036,线列步兵,363,传承,8
防御,1036,重骑兵,364,传承,8
攻击,1036,火炮,365,传承,20
,1037,研究点,366,传承,0.6
攻击,1038,钢铁骑士,369,传承,16
防御,1038,钢铁骑士,370,传承,16
攻击,1038,神射手,371,传承,10
攻击,1038,火炮,372,传承,25
防御,1039,城市,373,传承,900
攻击,1039,主宰,374,传承,15
防御,1039,主宰,375,传承,30
,1040,硝石,377,传承,0.5
,1040,钠红石,378,传承,0.5
上限,1041,军队,380,传承,250
,1042,木材,383,传承,0.5
,1043,食物,386,传承,0.5
,1044,石头,389,传承,0.5
,1045,铜,392,传承,0.6
,1045,铁,393,传承,0.6
,1046,木材,395,传承,1
,1047,食物,398,传承,1
,1048,石头,401,传承,0.75
,1049,铜,404,传承,0.8
,1049,铁,405,传承,0.8
,1050,人口,407,传承,22
上限,1051,食物,410,传承,40000
上限,1051,奶牛,411,传承,32000
上限,1051,马,412,传承,16000
攻击,1051,战斗天使,413,传承,22
防御,1051,战斗天使,414,传承,22
攻击,1051,炽天使,415,传承,160
防御,1051,炽天使,416,传承,160
,1052,幸运石,417,传承,12
攻击,1053,定居点民兵,420,传承,6
攻击,1053,精灵战士,421,传承,22
防御,1053,巨兽,422,传承,26
攻击,1053,调查兵团士兵,423,传承,24
,1054,光明,424,传承,1
,1055,信念,425,传承,1
,1055,法力,426,传承,0.75
,1056,黄金,428,传承,1
上限,1057,食物,431,传承,80000
上限,1057,奶牛,432,传承,64000
上限,1057,马,433,传承,32000
攻击,1057,战斗天使,434,传承,44
防御,1057,战斗天使,435,传承,44
攻击,1057,炽天使,436,传承,300
防御,1057,炽天使,437,传承,300
攻击,1058,钢铁骑士,438,传承,22
防御,1058,钢铁骑士,439,传承,22
攻击,1058,步枪手,440,传承,18
防御,1058,步枪手,441,传承,18
攻击,1058,机枪手,442,传承,42
,1059,光明,443,传承,2
上限,1060,军队,445,传承,350
上限,1061,军队,448,传承,450
,1062,光明,451,传承,4
,1063,黄金,453,传承,1.2
,1064,光明,456,传承,8
上限,1065,军队,458,传承,600
,1066,黄金,4,研究,0.02
,1066,木材,5,研究,0.06
,1067,木材,6,研究,0.1
攻击,1067,弓箭手,7,研究,2
攻击,1067,弩手,8,研究,4
攻击,1067,精灵战士,9,研究,6
,1069,黄金,11,研究,0.05
,1070,黄金,12,研究,0.1
攻击,1070,白色连队,13,研究,8
防御,1070,白色连队,14,研究,8
攻击,1070,佣兵,15,研究,8
防御,1070,佣兵,16,研究,8
攻击,1070,卡纳瓦护卫,17,研究,8
防御,1070,卡纳瓦护卫,18,研究,8
,1071,黄金,19,研究,10
,1071,黄金,20,研究,0.2
,1072,研究点,21,研究,2
,1072,研究点,22,研究,0.05
,1073,研究点,23,研究,7
,1073,幸运石,24,研究,7
,1074,研究点,25,研究,5
,1074,研究点,26,研究,0.1
,1075,黄金,27,研究,4
,1075,人口,28,研究,2
,1076,研究点,29,研究,3
,1076,黄金,30,研究,3
,1076,幸运石,31,研究,3
,1076,人口,32,研究,3
防御,1078,城市,34,研究,400
上限,1078,军队,35,研究,10
攻击,1079,指挥官,36,研究,40
防御,1079,指挥官,37,研究,40
上限,1079,军队,38,研究,15
,1080,食物,39,研究,7
,1080,石头,40,研究,7
,1080,补给,41,研究,3
防御,1080,城市,42,研究,700
上限,1080,军队,43,研究,35
,1081,信念,44,研究,5
,1081,法力,45,研究,5
攻击,1081,武僧,46,研究,7
防御,1081,武僧,47,研究,7
,1082,信念,48,研究,10
,1082,法力,49,研究,10
攻击,1082,圣职者,50,研究,7
防御,1082,圣职者,51,研究,7
攻击,1084,轻骑兵,53,研究,22
防御,1084,轻骑兵,54,研究,18
攻击,1084,重骑兵,55,研究,25
防御,1084,重骑兵,56,研究,22
,1085,黄金,57,研究,0.08
上限,1085,军队,58,研究,10
,1086,声誉,59,研究,100
攻击,1086,线列步兵,60,研究,15
防御,1086,线列步兵,61,研究,15
攻击,1086,定居点民兵,62,研究,11
防御,1086,定居点民兵,63,研究,9
,1089,农民,68,研究,1
,1089,伐木工,69,研究,1
,1089,石工,70,研究,1
,1089,人口,71,研究,1
,1090,黄金,72,研究,1
,1090,工匠,73,研究,1
,1090,饲育员,74,研究,1
,1090,人口,75,研究,1
,1091,研究点,76,研究,2
,1091,信念,77,研究,2
,1091,法力,78,研究,2
,1091,矿工,79,研究,1
,1091,人口,80,研究,1
,1092,黄金,81,研究,2
上限,1092,军队,82,研究,15
,1092,商人,83,研究,1
,1092,人口,84,研究,1
,1093,研究点,85,研究,2
攻击,1093,弓箭手,86,研究,3
防御,1093,弓箭手,87,研究,3
,1093,人口,88,研究,2
,1094,法力,89,研究,2
攻击,1094,长矛兵,90,研究,3
防御,1094,长矛兵,91,研究,3
,1094,人口,92,研究,2
,1095,黄金,93,研究,2
攻击,1095,战士,94,研究,3
防御,1095,战士,95,研究,3
,1095,人口,96,研究,2
,1099,声誉,103,研究,5
食物,1099,农民,104,研究,0.02
,1102,声誉,110,研究,10
木材,1102,伐木工,111,研究,0.02
,1104,声誉,116,研究,10
石头,1104,石工,117,研究,0.02
上限,1106,军队,122,研究,2
,1110,声誉,133,研究,15
铜,1110,矿工,134,研究,0.02
铁,1110,矿工,135,研究,0.02
,1112,声誉,138,研究,20
工具,1112,工匠,139,研究,0.02
上限,1114,军队,142,研究,3
攻击,1115,弓箭手,145,研究,1
防御,1116,长矛兵,147,研究,1
防御,1116,方阵步兵,148,研究,1
防御,1116,持盾卫士,149,研究,1
攻击,1117,战士,150,研究,1
防御,1117,战士,151,研究,1
攻击,1117,重装战士,152,研究,1
防御,1117,重装战士,153,研究,1
攻击,1117,佣兵,154,研究,1
防御,1117,佣兵,155,研究,1
攻击,1118,轻骑兵,156,研究,2
上限,1128,军队,187,研究,2
木材,1131,伐木工,198,研究,0.02
石头,1131,石工,199,研究,0.02
铜,1131,矿工,200,研究,0.02
铁,1131,矿工,201,研究,0.02
,1131,人口,202,研究,2
木材,1132,伐木工,203,研究,0.05
石头,1132,石工,204,研究,0.05
铜,1132,矿工,205,研究,0.05
铁,1132,矿工,206,研究,0.05
,1132,研究点,207,研究,0.05
,1133,声誉,208,研究,30
,1134,声誉,210,研究,25
防御,1141,长矛兵,230,研究,2
防御,1141,战士,231,研究,2
防御,1141,重装战士,232,研究,2
,1145,声誉,243,研究,25
食物,1145,农民,244,研究,0.05
,1146,声誉,245,研究,25
石头,1146,石工,246,研究,0.05
,1147,声誉,248,研究,25
木材,1147,伐木工,249,研究,0.05
上限,1148,军队,251,研究,3
攻击,1149,弓箭手,254,研究,2
攻击,1149,弩手,255,研究,2
攻击,1149,白色连队,256,研究,2
防御,1150,长矛兵,257,研究,2
防御,1150,方阵步兵,258,研究,2
防御,1150,持盾卫士,259,研究,2
防御,1150,圣职者,260,研究,2
攻击,1151,战士,261,研究,2
防御,1151,战士,262,研究,1
攻击,1151,重装战士,263,研究,2
防御,1151,重装战士,264,研究,1
攻击,1151,佣兵,265,研究,2
防御,1151,佣兵,266,研究,1
攻击,1151,卡纳瓦护卫,267,研究,2
防御,1151,卡纳瓦护卫,268,研究,1
攻击,1151,超重装战士,269,研究,2
防御,1151,超重装战士,270,研究,1
攻击,1151,指挥官,271,研究,2
防御,1151,指挥官,272,研究,1
攻击,1152,轻骑兵,273,研究,3
攻击,1152,骑士,274,研究,3
上限,1155,军队,281,研究,5
攻击,1157,佣兵,286,研究,3
防御,1157,佣兵,287,研究,3
上限,1157,军队,288,研究,5
,1162,研究点,299,研究,10
,1162,硝石,300,研究,2
攻击,1164,加里亚德团长,304,研究,240
防御,1164,加里亚德团长,305,研究,180
上限,1170,军队,321,研究,3
防御,1172,超重装战士,325,研究,4
防御,1172,骑士,326,研究,4
防御,1172,指挥官,327,研究,4
上限,1174,军队,332,研究,3
上限,1182,军队,353,研究,3
,1185,黄金,363,研究,0.03
,1185,研究点,364,研究,0.03
,1188,声誉,370,研究,100
攻击,1191,弓箭手,379,研究,3
攻击,1191,弩手,380,研究,3
攻击,1191,白色连队,381,研究,3
防御,1192,长矛兵,382,研究,3
防御,1192,方阵步兵,383,研究,3
防御,1192,持盾卫士,384,研究,3
防御,1192,圣职者,385,研究,3
攻击,1193,战士,386,研究,3
防御,1193,战士,387,研究,1
攻击,1193,重装战士,388,研究,3
防御,1193,重装战士,389,研究,1
攻击,1193,佣兵,390,研究,3
防御,1193,佣兵,391,研究,1
攻击,1193,卡纳瓦护卫,392,研究,3
防御,1193,卡纳瓦护卫,393,研究,1
攻击,1193,超重装战士,394,研究,3
防御,1193,超重装战士,395,研究,1
攻击,1193,指挥官,396,研究,3
防御,1193,指挥官,397,研究,1
攻击,1194,轻骑兵,398,研究,4
攻击,1194,骑士,399,研究,4
攻击,1194,甲胄骑兵,400,研究,4
,1195,声誉,401,研究,40
工具,1195,工匠,402,研究,0.05
黄金,1195,商人,403,研究,0.05
,1199,声誉,413,研究,40
工具,1199,工匠,414,研究,0.05
补给,1199,供应商,415,研究,0.05
原料,1199,木匠,416,研究,0.05
,1200,声誉,417,研究,30
铜,1200,矿工,418,研究,0.05
铁,1200,矿工,419,研究,0.05
上限,1202,军队,422,研究,4
上限,1204,军队,431,研究,5
,1212,声誉,461,研究,40
,1215,研究点,467,研究,0.03
,1215,信念,468,研究,0.03
食物,1218,农民,476,研究,0.05
,1220,声誉,480,研究,40
,1225,声誉,491,研究,200
,1225,人口,492,研究,4
,1231,黄金,503,研究,10
,1231,人口,504,研究,5
,1231,注入火焰,505,研究,-1
攻击,1232,战略家,506,研究,10
防御,1232,战略家,507,研究,10
攻击,1232,指挥官,508,研究,15
防御,1232,指挥官,509,研究,15
上限,1232,军队,510,研究,15
,1232,展示火焰,511,研究,-1
,1233,声誉,512,研究,100
,1233,赢得民心,513,研究,-1
,1234,说服贵族,514,研究,-1
,1235,声誉,516,研究,150
,1235,黄金,517,研究,12
,1235,人口,518,研究,6
,1236,声誉,519,研究,40
,1246,黄金,544,研究,10
,1247,代币,547,研究,1
攻击,1248,弓箭手,550,研究,2
攻击,1248,弩手,551,研究,2
马,1253,饲育员,561,研究,0.05
马,1254,饲育员,563,研究,0.1
攻击,1267,弓箭手,593,研究,4
攻击,1267,弩手,594,研究,4
攻击,1267,白色连队,595,研究,4
攻击,1267,火绳枪兵,596,研究,4
防御,1268,长矛兵,597,研究,4
防御,1268,方阵步兵,598,研究,4
防御,1268,持盾卫士,599,研究,4
防御,1268,圣职者,600,研究,4
攻击,1269,战士,602,研究,3
防御,1269,战士,603,研究,2
攻击,1269,重装战士,604,研究,3
防御,1269,重装战士,605,研究,2
攻击,1269,佣兵,606,研究,3
防御,1269,佣兵,607,研究,2
攻击,1269,卡纳瓦护卫,608,研究,3
防御,1269,卡纳瓦护卫,609,研究,2
攻击,1269,超重装战士,610,研究,3
防御,1269,超重装战士,611,研究,2
攻击,1269,指挥官,612,研究,3
防御,1269,指挥官,613,研究,2
攻击,1270,轻骑兵,614,研究,5
攻击,1270,骑士,615,研究,5
攻击,1270,甲胄骑兵,616,研究,5
攻击,1270,重骑兵,617,研究,5
,1274,声誉,624,研究,50
,1274,食物,625,研究,4
,1274,人口,626,研究,4
,1289,声誉,655,研究,300
,1289,钠红石,656,研究,1
,1290,声誉,657,研究,300
,1290,钠红石,658,研究,1
,1291,end_4,659,研究,1
,1292,end_4,660,研究,1
,1296,军事定居点,672,研究,-1
,1296,生产中心,673,研究,-1
,1297,信仰的灯塔,674,研究,-1
,1297,生产中心,675,研究,-1
,1298,信仰的灯塔,676,研究,-1
,1298,军事定居点,677,研究,-1
攻击,1327,弓箭手,760,研究,5
攻击,1327,弩手,761,研究,5
攻击,1327,白色连队,762,研究,5
攻击,1327,火绳枪兵,763,研究,5
攻击,1327,游击兵,764,研究,5
攻击,1327,精灵战士,765,研究,5
攻击,1327,神射手,766,研究,5
防御,1328,长矛兵,767,研究,5
防御,1328,方阵步兵,768,研究,5
防御,1328,持盾卫士,769,研究,5
防御,1328,圣职者,770,研究,5
防御,1328,圣斗士,771,研究,5
攻击,1329,战士,772,研究,3
防御,1329,战士,773,研究,3
攻击,1329,重装战士,774,研究,3
防御,1329,重装战士,775,研究,3
攻击,1329,佣兵,776,研究,3
防御,1329,佣兵,777,研究,3
攻击,1329,卡纳瓦护卫,778,研究,3
防御,1329,卡纳瓦护卫,779,研究,3
攻击,1329,超重装战士,780,研究,3
防御,1329,超重装战士,781,研究,3
攻击,1329,线列步兵,782,研究,3
防御,1329,线列步兵,783,研究,3
攻击,1329,定居点民兵,784,研究,3
防御,1329,定居点民兵,785,研究,3
攻击,1329,指挥官,786,研究,3
防御,1329,指挥官,787,研究,3
攻击,1329,将军,788,研究,3
防御,1329,将军,789,研究,3
攻击,1330,轻骑兵,790,研究,6
攻击,1330,骑士,791,研究,6
攻击,1330,甲胄骑兵,792,研究,6
攻击,1330,重骑兵,793,研究,6
,1336,声誉,806,研究,100
攻击,1342,将军,822,研究,20
防御,1342,将军,823,研究,20
,1345,黄金,829,研究,0.06
,1345,研究点,830,研究,0.06
攻击,1347,线列步兵,833,研究,4
防御,1347,线列步兵,834,研究,8
,1348,声誉,835,研究,150
上限,1348,军队,836,研究,50
,1351,声誉,843,研究,450
攻击,1355,精灵战士,851,研究,22
防御,1355,精灵战士,852,研究,22
上限,1355,军队,853,研究,30
,1360,钢,862,研究,0.03
,1360,水晶,863,研究,0.03
,1360,钠红石,864,研究,0.03
,1360,复原科布水晶,865,研究,-1
,1361,劫掠科布仓库,866,研究,-1
攻击,1389,神射手,936,研究,12
防御,1389,神射手,937,研究,8
攻击,1390,圣职者,939,研究,6
防御,1390,圣职者,940,研究,18
攻击,1391,线列步兵,942,研究,8
防御,1391,线列步兵,943,研究,8
上限,1391,军队,944,研究,8
攻击,1392,钢铁骑士,945,研究,12
防御,1392,钢铁骑士,946,研究,18
上限,1392,军队,947,研究,8
攻击,1393,城市,948,研究,80
防御,1393,城市,949,研究,1200
,1395,泰坦之礼物,954,研究,1
,1402,声誉,973,研究,150
,1402,黄金,974,研究,0.12
,1402,食物,975,研究,0.12
,1411,销毁灭世终焉,997,研究,-1
攻击,1412,机枪手,998,研究,32
防御,1412,机枪手,999,研究,18
攻击,1412,步枪手,1000,研究,28
防御,1412,步枪手,1001,研究,28
,1412,发射灭世终焉,1002,研究,-1
,1415,声誉,1009,研究,750
,1416,,2,祈祷与魔法,描述
,1442,黄金,59,祈祷与魔法,5
,1442,食物,60,祈祷与魔法,5
,1442,木材,61,祈祷与魔法,5
,1442,石头,62,祈祷与魔法,5
,1442,补给,63,祈祷与魔法,0.3
,1442,渴望魔法,64,祈祷与魔法,-1
,1442,渴望战斗,65,祈祷与魔法,-1
,1443,法力,66,祈祷与魔法,10
,1443,研究点,67,祈祷与魔法,10
,1443,水晶,68,祈祷与魔法,0.3
,1443,渴望丰饶,69,祈祷与魔法,-1
,1443,渴望战斗,70,祈祷与魔法,-1
,1444,渴望魔法,71,祈祷与魔法,-1
,1444,渴望丰饶,72,祈祷与魔法,-1
,1445,专注于研究,73,祈祷与魔法,-1
,1445,专注于魔法,74,祈祷与魔法,-1
,1446,专注于研究,75,祈祷与魔法,-1
,1446,专注于发展,76,祈祷与魔法,-1
,1447,专注于发展,77,祈祷与魔法,-1
,1447,专注于魔法,78,祈祷与魔法,-1
防御,1468,武僧,126,祈祷与魔法,3
防御,1468,圣职者,127,祈祷与魔法,3
上限,1473,黄金,140,祈祷与魔法,20000
防御,1477,武僧,148,祈祷与魔法,4
防御,1477,神圣魔像,149,祈祷与魔法,8
攻击,1477,战斗天使,150,祈祷与魔法,8
防御,1477,战斗天使,151,祈祷与魔法,6
攻击,1477,炽天使,152,祈祷与魔法,120
防御,1477,炽天使,153,祈祷与魔法,80
攻击,1484,武僧,167,祈祷与魔法,5
攻击,1484,圣职者,168,祈祷与魔法,5
,1490,放逐德鲁伊,182,祈祷与魔法,-1
,1491,接受德鲁伊,184,祈祷与魔法,-1
,1495,增量之力,193,祈祷与魔法,-1
,1496,保护之力,196,祈祷与魔法,-1
,1511,重建堡垒,231,祈祷与魔法,-1
,1512,召唤尼哈鲁尔,233,祈祷与魔法,-1
,1520,法力工厂,249,祈祷与魔法,-1
,1521,黄金工厂,251,祈祷与魔法,-1
,1522,法力,253,祈祷与魔法,125
,1522,法力,254,祈祷与魔法,0.15
,1522,泽尼克斯的铸金使,255,祈祷与魔法,-1
,1523,黄金,256,祈祷与魔法,50
,1523,黄金,257,祈祷与魔法,0.15
,1523,泽尼克斯的大法师,258,祈祷与魔法,-1
,1524,原料,259,祈祷与魔法,0.3
,1524,钢,260,祈祷与魔法,0.3
,1524,补给,261,祈祷与魔法,0.3
,1524,水晶,262,祈祷与魔法,0.3
,1524,硝石,263,祈祷与魔法,0.3
,1524,钠红石,264,祈祷与魔法,0.3
,1524,泽尼克斯的训战官,265,祈祷与魔法,-1
攻击,1525,机枪手,266,祈祷与魔法,40
防御,1525,机枪手,267,祈祷与魔法,15
攻击,1525,步枪手,268,祈祷与魔法,22
防御,1525,步枪手,269,祈祷与魔法,22
攻击,1525,钢铁骑士,270,祈祷与魔法,35
防御,1525,钢铁骑士,271,祈祷与魔法,25
,1525,泽尼克斯的统御者,272,祈祷与魔法,-1
,1526,法力,273,祈祷与魔法,-2
,1526,黄金,274,祈祷与魔法,1
,1526,信念,275,祈祷与魔法,1
,1527,法力,276,祈祷与魔法,-2
,1527,黄金,277,祈祷与魔法,0.01
,1527,食物,278,祈祷与魔法,0.01
,1528,法力,279,祈祷与魔法,-5
,1528,黄金,280,祈祷与魔法,0.02
,1528,研究点,281,祈祷与魔法,0.02
,1529,法力,282,祈祷与魔法,-5
,1529,食物,283,祈祷与魔法,2
攻击,1529,弓箭手,284,祈祷与魔法,2
攻击,1529,弩手,285,祈祷与魔法,2
,1530,法力,286,祈祷与魔法,-5
攻击,1530,战士,287,祈祷与魔法,2
防御,1530,长矛兵,288,祈祷与魔法,2
攻击,1530,重装战士,289,祈祷与魔法,2
,1531,法力,290,祈祷与魔法,-5
,1531,幸运石,291,祈祷与魔法,0.05
,1532,法力,292,祈祷与魔法,-5
防御,1532,城市,293,祈祷与魔法,80
,1533,法力,294,祈祷与魔法,-5
,1533,木材,295,祈祷与魔法,0.05
,1533,石头,296,祈祷与魔法,0.05
,1534,法力,297,祈祷与魔法,-5
,1534,铜,298,祈祷与魔法,0.05
,1534,铁,299,祈祷与魔法,0.05
,1534,工具,300,祈祷与魔法,0.05
,1535,法力,301,祈祷与魔法,-5
攻击,1535,指挥官,302,祈祷与魔法,10
防御,1535,指挥官,303,祈祷与魔法,20
,1536,法力,304,祈祷与魔法,-25
防御,1536,轻骑兵,305,祈祷与魔法,7
防御,1536,骑士,306,祈祷与魔法,7
防御,1536,指挥官,307,祈祷与魔法,12
,1537,法力,308,祈祷与魔法,-5
,1537,食物,309,祈祷与魔法,3
,1537,木材,310,祈祷与魔法,2
,1537,石头,311,祈祷与魔法,2
,1537,铜,312,祈祷与魔法,1.5
,1537,铁,313,祈祷与魔法,1
,1538,法力,314,祈祷与魔法,-5
,1538,信念,315,祈祷与魔法,1
,1538,信念,316,祈祷与魔法,0.03
,1539,法力,317,祈祷与魔法,-5
,1539,奶牛,318,祈祷与魔法,0.05
,1539,马,319,祈祷与魔法,0.05
,1540,法力,320,祈祷与魔法,-5
攻击,1540,轻骑兵,321,祈祷与魔法,2
防御,1540,轻骑兵,322,祈祷与魔法,2
,1541,法力,323,祈祷与魔法,-7
,1541,木材,324,祈祷与魔法,3.5
,1542,法力,325,祈祷与魔法,10
,1542,法力,326,祈祷与魔法,0.02
,1543,法力,327,祈祷与魔法,-7
,1543,石头,328,祈祷与魔法,3.5
,1544,法力,329,祈祷与魔法,-7
,1544,工具,330,祈祷与魔法,2
,1545,法力,331,祈祷与魔法,-7
,1545,铜,332,祈祷与魔法,1.5
,1545,铁,333,祈祷与魔法,1.5
,1546,法力,334,祈祷与魔法,-10
,1546,研究点,335,祈祷与魔法,5
,1546,木材,336,祈祷与魔法,2.5
,1547,法力,337,祈祷与魔法,-10
攻击,1547,武僧,338,祈祷与魔法,5
攻击,1547,神圣魔像,339,祈祷与魔法,5
防御,1547,圣职者,340,祈祷与魔法,5
,1548,法力,341,祈祷与魔法,-10
,1548,原料,342,祈祷与魔法,1
,1548,钢,343,祈祷与魔法,1
,1548,原料,344,祈祷与魔法,0.03
,1548,钢,345,祈祷与魔法,0.03
,1549,法力,346,祈祷与魔法,-10
防御,1549,城市,347,祈祷与魔法,200
,1550,法力,348,祈祷与魔法,-10
,1550,水晶,349,祈祷与魔法,0.6
,1550,水晶,350,祈祷与魔法,0.1
,1551,法力,351,祈祷与魔法,-10
攻击,1551,超重装战士,352,祈祷与魔法,5
攻击,1551,圣职者,353,祈祷与魔法,5
,1552,法力,354,祈祷与魔法,-20
,1552,黄金,355,祈祷与魔法,10
攻击,1552,将军,356,祈祷与魔法,25
防御,1552,将军,357,祈祷与魔法,25
,1553,法力,358,祈祷与魔法,-20
,1553,食物,359,祈祷与魔法,5
攻击,1553,火绳枪兵,360,祈祷与魔法,5
防御,1553,火绳枪兵,361,祈祷与魔法,5
,1554,法力,362,祈祷与魔法,-20
攻击,1554,战士,363,祈祷与魔法,5
防御,1554,战士,364,祈祷与魔法,5
攻击,1554,重装战士,365,祈祷与魔法,5
防御,1554,重装战士,366,祈祷与魔法,5
,1555,法力,367,祈祷与魔法,-20
,1555,木材,368,祈祷与魔法,0.12
,1555,石头,369,祈祷与魔法,0.12
,1556,法力,370,祈祷与魔法,-20
,1556,食物,371,祈祷与魔法,5
,1556,木材,372,祈祷与魔法,5
,1556,石头,373,祈祷与魔法,5
攻击,1556,长矛兵,374,祈祷与魔法,3
防御,1556,长矛兵,375,祈祷与魔法,3
,1557,法力,376,祈祷与魔法,-20
,1557,铜,377,祈祷与魔法,0.12
,1557,铁,378,祈祷与魔法,0.12
,1557,工具,379,祈祷与魔法,0.12
,1558,法力,380,祈祷与魔法,-20
攻击,1558,骑士,381,祈祷与魔法,5
防御,1558,骑士,382,祈祷与魔法,5
攻击,1558,重骑兵,383,祈祷与魔法,5
防御,1558,重骑兵,384,祈祷与魔法,5
,1559,法力,385,祈祷与魔法,-20
防御,1559,圣职者,386,祈祷与魔法,5
防御,1559,持盾卫士,387,祈祷与魔法,5
防御,1559,主宰,388,祈祷与魔法,5
防御,1559,武僧,389,祈祷与魔法,5
,1560,法力,390,祈祷与魔法,-20
攻击,1560,战士,391,祈祷与魔法,5
攻击,1560,重装战士,392,祈祷与魔法,5
攻击,1560,轻骑兵,393,祈祷与魔法,5
攻击,1560,超重装战士,394,祈祷与魔法,5
,1561,法力,395,祈祷与魔法,-25
,1561,食物,396,祈祷与魔法,4
,1561,木材,397,祈祷与魔法,4
,1561,石头,398,祈祷与魔法,4
,1562,法力,399,祈祷与魔法,-25
,1562,研究点,400,祈祷与魔法,5
,1562,研究点,401,祈祷与魔法,0.03
,1563,法力,402,祈祷与魔法,-25
攻击,1563,法师,403,祈祷与魔法,12
防御,1563,法师,404,祈祷与魔法,12
,1564,法力,405,祈祷与魔法,-30
防御,1564,牧师,406,祈祷与魔法,5
防御,1564,持盾卫士,407,祈祷与魔法,5
防御,1564,主宰,408,祈祷与魔法,10
防御,1564,指挥官,409,祈祷与魔法,10
,1565,法力,410,祈祷与魔法,35
,1565,法力,411,祈祷与魔法,0.03
,1566,法力,412,祈祷与魔法,-40
,1566,食物,413,祈祷与魔法,10
,1566,黄金,414,祈祷与魔法,10
,1566,钠红石,415,祈祷与魔法,0.15
,1567,法力,416,祈祷与魔法,-40
,1567,硝石,417,祈祷与魔法,1
,1567,钠红石,418,祈祷与魔法,0.1
攻击,1567,城市,419,祈祷与魔法,50
防御,1567,城市,420,祈祷与魔法,50
,1568,法力,421,祈祷与魔法,-50
防御,1568,城市,422,祈祷与魔法,500
,1569,法力,423,祈祷与魔法,-50
,1569,原料,424,祈祷与魔法,0.15
,1569,钢,425,祈祷与魔法,0.15
,1569,补给,426,祈祷与魔法,0.15
,1569,水晶,427,祈祷与魔法,0.15
,1569,硝石,428,祈祷与魔法,0.15
,1569,钠红石,429,祈祷与魔法,0.15
,1570,法力,430,祈祷与魔法,-50
,1570,黄金,431,祈祷与魔法,15
,1570,黄金,432,祈祷与魔法,0.03
,1571,法力,433,祈祷与魔法,-60
防御,1571,线列步兵,434,祈祷与魔法,15
防御,1571,重骑兵,435,祈祷与魔法,15
防御,1571,将军,436,祈祷与魔法,25
,1572,法力,437,祈祷与魔法,-75
,1572,原料,438,祈祷与魔法,7
,1572,钢,439,祈祷与魔法,7
,1572,补给,440,祈祷与魔法,7
,1572,水晶,441,祈祷与魔法,7
,1572,硝石,442,祈祷与魔法,7
,1573,法力,443,祈祷与魔法,-75
攻击,1573,法师,444,祈祷与魔法,24
防御,1573,法师,445,祈祷与魔法,12
攻击,1573,大法师,446,祈祷与魔法,120
防御,1573,大法师,447,祈祷与魔法,80
,1574,法力,448,祈祷与魔法,100
,1574,法力,449,祈祷与魔法,0.07000000000000001
,1575,法力,450,祈祷与魔法,-200
,1575,研究点,451,祈祷与魔法,0.25
,1575,黄金,452,祈祷与魔法,0.25
,1575,木材,453,祈祷与魔法,0.25
,1575,石头,454,祈祷与魔法,0.25
,1575,信念,455,祈祷与魔法,0.25
,1575,钠红石,456,祈祷与魔法,0.25
,1576,法力,457,祈祷与魔法,-200
攻击,1576,机枪手,458,祈祷与魔法,25
防御,1576,机枪手,459,祈祷与魔法,15
攻击,1576,步枪手,460,祈祷与魔法,20
防御,1576,步枪手,461,祈祷与魔法,20
,1577,法力,462,祈祷与魔法,-220
防御,1577,城市,463,祈祷与魔法,2500
,1578,法力,464,祈祷与魔法,-240
攻击,1578,法师,465,祈祷与魔法,36
攻击,1578,大法师,466,祈祷与魔法,120
防御,1578,大法师,467,祈祷与魔法,80
,1579,法力,468,祈祷与魔法,-250
,1579,辉烬,469,祈祷与魔法,0.5
,1579,辉烬,470,祈祷与魔法,0.2
,1580,法力,471,祈祷与魔法,-250
,1580,黄金,472,祈祷与魔法,75
,1580,黄金,473,祈祷与魔法,0.15
,1581,产出,2,人口,
,1583,食物,5,人口,1.6
,1584,食物,6,人口,3.4
,1585,木材,7,人口,0.7
,1586,石头,8,人口,0.6
,1587,铜,9,人口,0.5
,1587,铁,10,人口,0.3
,1588,黄金,11,人口,0.5
,1588,工具,12,人口,0.3
,1589,黄金,13,人口,3
,1590,黄金,14,人口,6
,1591,奶牛,15,人口,0.2
,1591,马,16,人口,0.1
,1592,原料,17,人口,0.3
,1592,木材,18,人口,-3
,1592,石头,19,人口,-1.5
,1592,工具,20,人口,-0.5
,1593,钢,21,人口,0.4
,1593,铜,22,人口,-1
,1593,铁,23,人口,-0.5
,1594,水晶,24,人口,0.06
,1594,研究点,25,人口,1
,1595,研究点,26,人口,3
,1596,补给,27,人口,0.4
,1596,食物,28,人口,-2
,1596,奶牛,29,人口,-0.2
,1597,信念,30,人口,3
,1597,法力,31,人口,3
,1598,铜,32,人口,1
,1598,铁,33,人口,1
,1598,法力,34,人口,3
,1599,硝石,35,人口,0.7
,1600,钠红石,36,人口,1
,1600,法力,37,人口,-5
,1600,硝石,38,人口,-0.5
,1601,食物,39,人口,1.5
,1601,补给,40,人口,0.2
,1601,黄金,41,人口,-3
,1602,辉烬,42,人口,0.4
,1602,钢,43,人口,-20
,1602,法力,44,人口,-15
,1602,水晶,45,人口,-10
