amount,entity_id,growth,name,row_num,sheet,type
15,1,1.3,木材,4,建筑,资源
10,1,1.3,石头,5,建筑,资源
1,1,,住房,6,建筑,研究
45,2,1.3,木材,8,建筑,资源
30,2,1.3,石头,9,建筑,资源
1,2,,工人之家,10,建筑,研究
10,3,,黄金,16,建筑,资源
10,3,,石头,17,建筑,资源
1,3,,纪念碑,18,建筑,研究
1000,4,2,石头,19,建筑,资源
500,4,2,工具,20,建筑,资源
170,4,1.5,奶牛,21,建筑,资源
1,4,,奴役,22,建筑,研究
1,4,,亡者大厅,23,建筑,传承
1200,5,1.3,黄金,24,建筑,资源
1000,5,1.3,木材,25,建筑,资源
750,5,1.3,石头,26,建筑,资源
400,5,1.3,铜,27,建筑,资源
400,5,1.3,铁,28,建筑,资源
150,5,1.3,工具,29,建筑,资源
1,5,,市政管理,30,建筑,研究
500,6,1.5,木材,31,建筑,资源
500,6,1.5,石头,32,建筑,资源
1,6,,幸运石,33,建筑,资源
1,6,,娱乐区域,34,建筑,祈祷
4000,7,1.3,黄金,35,建筑,资源
2000,7,1.3,木材,36,建筑,资源
1000,7,1.3,石头,37,建筑,资源
200,7,1.3,工具,38,建筑,资源
100,7,1.3,原料,39,建筑,资源
1,7,,建筑学,40,建筑,研究
12000,8,1.3,黄金,41,建筑,资源
2000,8,1.3,工具,42,建筑,资源
1000,8,1.3,原料,43,建筑,资源
600,8,1.3,补给,44,建筑,资源
1,8,,经济学,45,建筑,研究
8000,9,1.2,食物,46,建筑,资源
8000,9,1.2,石头,47,建筑,资源
4000,9,1.2,原料,48,建筑,资源
4000,9,1.2,补给,49,建筑,资源
1,9,,内政部,50,建筑,研究
2000,10,1.2,食物,56,建筑,资源
2000,10,1.2,信念,57,建筑,资源
2000,10,1.2,法力,58,建筑,资源
800,10,1.2,补给,59,建筑,资源
600,10,1.1,奶牛,60,建筑,资源
500,10,1.2,钠红石,61,建筑,资源
1,10,,生态学,62,建筑,研究
25000,11,1.2,黄金,63,建筑,资源
10000,11,1.2,工具,64,建筑,资源
10000,11,1.2,原料,65,建筑,资源
1,11,,中央集权,66,建筑,研究
10,12,1.4,黄金,69,建筑,资源
24,12,1.4,木材,70,建筑,资源
1,12,,农业,71,建筑,研究
150,13,1.3,黄金,72,建筑,资源
150,13,1.3,木材,73,建筑,资源
100,13,1.3,工具,74,建筑,资源
1,13,,粮食过剩,75,建筑,研究
25,14,1.4,黄金,76,建筑,资源
18,14,1.4,木材,77,建筑,资源
5,14,1.4,石头,78,建筑,资源
1,14,,砍伐木材,79,建筑,研究
180,15,1.3,黄金,80,建筑,资源
180,15,1.3,木材,81,建筑,资源
140,15,1.3,工具,82,建筑,资源
1,15,,木锯,83,建筑,研究
300,16,1.5,木材,84,建筑,资源
300,16,1.5,石头,85,建筑,资源
1,16,,幸运石,86,建筑,资源
1,16,,幸运树林,87,建筑,祈祷
32,17,1.4,黄金,88,建筑,资源
24,17,1.4,木材,89,建筑,资源
8,17,1.4,石头,90,建筑,资源
1,17,,琢石,91,建筑,研究
180,18,1.3,黄金,92,建筑,资源
180,18,1.3,石头,93,建筑,资源
140,18,1.3,工具,94,建筑,资源
1,18,,石材加工,95,建筑,研究
160,19,1.4,黄金,96,建筑,资源
140,19,1.4,木材,97,建筑,资源
80,19,1.4,石头,98,建筑,资源
1,19,,采矿,99,建筑,研究
1500,20,1.5,黄金,101,建筑,资源
1000,20,1.5,木材,102,建筑,资源
800,20,1.5,石头,103,建筑,资源
200,20,1.5,铜,104,建筑,资源
150,20,1.5,铁,105,建筑,资源
100,20,1.5,工具,106,建筑,资源
1,20,,泰坦的建筑,107,建筑,研究
500,21,1.3,黄金,111,建筑,资源
500,21,1.3,木材,112,建筑,资源
250,21,1.3,工具,113,建筑,资源
1,21,,饲育,114,建筑,研究
1400,22,1.2,食物,115,建筑,资源
1200,22,1.4,木材,116,建筑,资源
600,22,1.4,信念,117,建筑,资源
1,22,,圣谷,118,建筑,祈祷
300,23,1.7,黄金,121,建筑,资源
750,23,1.7,木材,122,建筑,资源
350,23,1.5,工具,123,建筑,资源
1,23,,饲育,124,建筑,研究
1,23,,亡者兽群,125,建筑,传承
1500,24,1.4,黄金,126,建筑,资源
1500,24,1.4,木材,127,建筑,资源
1000,24,1.4,石头,128,建筑,资源
500,24,1.4,铜,129,建筑,资源
500,24,1.4,铁,130,建筑,资源
500,24,1.4,工具,131,建筑,资源
1,24,,封建时代,132,建筑,研究
1500,25,1.4,黄金,133,建筑,资源
1200,25,1.4,木材,134,建筑,资源
1000,25,1.4,石头,135,建筑,资源
500,25,1.4,铜,136,建筑,资源
500,25,1.4,铁,137,建筑,资源
500,25,1.4,工具,138,建筑,资源
1,25,,金属铸造,139,建筑,研究
1400,26,1.8,黄金,140,建筑,资源
800,26,1.8,木材,141,建筑,资源
600,26,1.8,石头,142,建筑,资源
100,26,1.8,铜,143,建筑,资源
50,26,1.8,铁,144,建筑,资源
150,26,1.8,工具,145,建筑,资源
1,26,,金属铸造,146,建筑,研究
1,26,,诸神的机器,147,建筑,传承
1000,27,1.4,黄金,148,建筑,资源
800,27,1.4,木材,149,建筑,资源
600,27,1.4,石头,150,建筑,资源
500,27,1.4,铁,151,建筑,资源
500,27,1.4,工具,152,建筑,资源
1,27,,建筑学,153,建筑,研究
1200,28,1.4,黄金,154,建筑,资源
500,28,1.4,工具,155,建筑,资源
200,28,1.4,原料,156,建筑,资源
1,28,,食物保存,157,建筑,研究
2400,29,1.4,黄金,158,建筑,资源
500,29,1.4,工具,159,建筑,资源
200,29,1.4,原料,160,建筑,资源
1,29,,锻钢,161,建筑,研究
2500,30,1.5,黄金,162,建筑,资源
1200,30,1.5,木材,163,建筑,资源
1200,30,1.5,石头,164,建筑,资源
500,30,1.5,工具,165,建筑,资源
1,30,,工匠公会,166,建筑,研究
8000,31,1.4,黄金,167,建筑,资源
3500,31,1.4,铜,168,建筑,资源
3000,31,1.4,铁,169,建筑,资源
2000,31,1.4,工具,170,建筑,资源
1,31,,化学,171,建筑,研究
2500,32,1.4,黄金,172,建筑,资源
2500,32,1.3,木材,173,建筑,资源
2500,32,1.3,石头,174,建筑,资源
500,32,1.2,原料,175,建筑,资源
500,32,1.2,补给,176,建筑,资源
1,32,,生产制造,177,建筑,研究
12000,33,1.2,黄金,178,建筑,资源
1500,33,1.2,法力,179,建筑,资源
1200,33,1.2,钢,180,建筑,资源
600,33,1.2,硝石,181,建筑,资源
1,33,,法力引擎,182,建筑,研究
12000,34,1.3,黄金,183,建筑,资源
1500,34,1.3,钢,184,建筑,资源
1200,34,1.2,原料,185,建筑,资源
500,34,1.2,钠红石,186,建筑,资源
1,34,,机械化,187,建筑,研究
25000,35,1.2,黄金,188,建筑,资源
15000,35,1.2,铁,189,建筑,资源
7000,35,1.2,钢,190,建筑,资源
7000,35,1.2,原料,191,建筑,资源
5000,35,1.2,钠红石,192,建筑,资源
1,35,,装配线,193,建筑,研究
350,36,1.3,黄金,194,建筑,资源
300,36,1.3,木材,195,建筑,资源
250,36,1.3,石头,196,建筑,资源
100,36,1.3,工具,197,建筑,资源
1,36,,写作,198,建筑,研究
300,37,1.5,研究点,199,建筑,资源
300,37,1.5,石头,200,建筑,资源
1,37,,幸运石,201,建筑,资源
1,37,,灵感大厅,202,建筑,祈祷
800,38,2,黄金,203,建筑,资源
500,38,2,木材,204,建筑,资源
500,38,2,石头,205,建筑,资源
250,38,2,工具,206,建筑,资源
1,38,,写作,207,建筑,研究
1,38,,智慧大厅,208,建筑,传承
300,39,1.6,黄金,209,建筑,资源
400,39,1.6,木材,210,建筑,资源
300,39,1.6,石头,211,建筑,资源
100,39,1.6,工具,212,建筑,资源
1,39,,铭记古人,213,建筑,研究
2000,40,1.4,黄金,217,建筑,资源
1200,40,1.4,木材,218,建筑,资源
900,40,1.4,石头,219,建筑,资源
1,40,,法师学院,220,建筑,祈祷
3000,41,1.3,黄金,221,建筑,资源
1000,41,1.3,木材,222,建筑,资源
750,41,1.3,石头,223,建筑,资源
500,41,1.3,工具,224,建筑,资源
200,41,1.3,原料,225,建筑,资源
1,41,,教育学,226,建筑,研究
6000,42,1.6,黄金,227,建筑,资源
4000,42,1.5,工具,228,建筑,资源
1000,42,1.4,原料,229,建筑,资源
1,42,,历史学硕士,230,建筑,研究
4500,43,,石头,231,建筑,资源
1,43,,教育学,232,建筑,研究
4500,44,,石头,235,建筑,资源
1,44,,教育学,236,建筑,研究
4500,45,,石头,239,建筑,资源
1,45,,教育学,240,建筑,研究
8,46,,书籍,243,建筑,建筑
8,46,,灵魂,244,建筑,建筑
15000,47,,研究点,248,建筑,资源
4000,47,,信念,249,建筑,资源
1,47,,灵魂图书馆,250,建筑,研究
2800,48,,法力,251,建筑,资源
500,48,,水晶,252,建筑,资源
1,48,,灵魂图书馆,253,建筑,研究
8000,49,1.4,黄金,254,建筑,资源
3000,49,1.4,石头,255,建筑,资源
1500,49,1.4,工具,256,建筑,资源
1000,49,1.3,原料,257,建筑,资源
1,49,,天文学,258,建筑,研究
8000,50,1.4,黄金,259,建筑,资源
4000,50,1.4,石头,260,建筑,资源
4000,50,1.3,信念,261,建筑,资源
2500,50,1.2,钢,262,建筑,资源
1500,50,1.2,法力,263,建筑,资源
1,50,,魔法高中,264,建筑,祈祷
12000,51,1.3,黄金,265,建筑,资源
4000,51,1.3,石头,266,建筑,资源
1000,51,1.3,水晶,267,建筑,资源
400,51,1.4,钠红石,268,建筑,资源
1,51,,研究区,269,建筑,研究
25000,52,1.5,黄金,270,建筑,资源
15000,52,1.5,木材,271,建筑,资源
8000,52,1.3,工具,272,建筑,资源
1500,52,1.5,钠红石,273,建筑,资源
1,52,,小岛前哨,274,建筑,研究
10,53,,栅栏组件,275,建筑,建筑
600,54,,木材,278,建筑,资源
120,54,,工具,279,建筑,资源
1,54,,防御工事,280,建筑,研究
15,55,,城墙组件,281,建筑,建筑
1,55,,栅栏,282,建筑,建筑
800,56,,石头,284,建筑,资源
200,56,,工具,285,建筑,资源
1,56,,防御工事,286,建筑,研究
1,56,,栅栏,287,建筑,建筑
12,57,,壁垒组件,288,建筑,建筑
1,57,,城墙,289,建筑,建筑
1,57,,壁垒,290,建筑,传承
2000,58,,石头,291,建筑,资源
1000,58,,工具,292,建筑,资源
1,58,,防御工事,293,建筑,研究
1,58,,城墙,294,建筑,建筑
1,58,,壁垒,295,建筑,传承
12,59,,磐石巨墙组件,296,建筑,建筑
1,59,,城墙,297,建筑,建筑
1,59,,泰坦之墙,298,建筑,研究
12000,60,,石头,301,建筑,资源
5000,60,,原料,302,建筑,资源
5000,60,,钢,303,建筑,资源
1,60,,城墙,304,建筑,建筑
1,60,,泰坦之墙,305,建筑,研究
1000,61,1.4,黄金,306,建筑,资源
800,61,1.4,木材,307,建筑,资源
800,61,1.4,石头,308,建筑,资源
500,61,1.4,铁,309,建筑,资源
250,61,1.4,工具,310,建筑,资源
1,61,,青铜加工,311,建筑,研究
700,62,1.5,黄金,312,建筑,资源
500,62,1.5,石头,313,建筑,资源
1,62,,幸运石,314,建筑,资源
1,62,,地下隧道,315,建筑,祈祷
2500,63,1.4,黄金,316,建筑,资源
1500,63,1.4,铁,317,建筑,资源
1500,63,1.4,工具,318,建筑,资源
1,63,,新兵训练营,319,建筑,研究
500,64,1.6,黄金,321,建筑,资源
300,64,1.5,木材,322,建筑,资源
300,64,1.5,石头,323,建筑,资源
300,64,1.3,铜,324,建筑,资源
200,64,1.3,工具,325,建筑,资源
1,64,,训练民兵,326,建筑,研究
2000,65,1.4,黄金,327,建筑,资源
500,65,1.4,铁,328,建筑,资源
500,65,1.4,工具,329,建筑,资源
200,65,1.4,原料,330,建筑,资源
1,65,,职业军人,331,建筑,研究
4500,66,1.3,黄金,332,建筑,资源
2500,66,1.3,铜,333,建筑,资源
2500,66,1.3,铁,334,建筑,资源
2500,66,1.3,工具,335,建筑,资源
1250,66,1.3,原料,336,建筑,资源
1,66,,佣兵前哨,337,建筑,研究
2000,67,1.4,木材,338,建筑,资源
1000,67,1.4,工具,339,建筑,资源
100,67,1.4,补给,340,建筑,资源
70,67,1.4,水晶,341,建筑,资源
1,67,,卡纳瓦先驱,342,建筑,研究
10000,68,2,黄金,343,建筑,资源
750,68,2,水晶,344,建筑,资源
750,68,2,钠红石,345,建筑,资源
1,68,,飞行,346,建筑,研究
3000,69,1.5,木材,347,建筑,资源
600,69,1.5,原料,348,建筑,资源
1,69,,攻城防御武器,349,建筑,研究
2500,70,1.4,黄金,350,建筑,资源
1500,70,1.4,铁,351,建筑,资源
1500,70,1.4,工具,352,建筑,资源
600,70,1.4,原料,353,建筑,资源
1,70,,围城工程师,354,建筑,研究
8000,71,1.4,石头,355,建筑,资源
600,71,1.4,水晶,356,建筑,资源
1,71,,魔法艺术教学,357,建筑,研究
1000,72,1.3,硝石,358,建筑,资源
500,72,1.3,水晶,359,建筑,资源
1,72,,地雷,360,建筑,研究
12000,73,1.5,黄金,361,建筑,资源
2000,73,1.5,铁,362,建筑,资源
2000,73,1.5,工具,363,建筑,资源
1000,73,1.5,原料,364,建筑,资源
500,73,1.5,补给,365,建筑,资源
1,73,,军事科学,366,建筑,研究
8000,74,1.2,石头,367,建筑,资源
6000,74,1.2,铁,368,建筑,资源
4000,74,1.2,原料,369,建筑,资源
4000,74,1.2,钢,370,建筑,资源
1,74,,战争部,371,建筑,研究
10000,75,1.4,黄金,373,建筑,资源
10000,75,1.3,信念,374,建筑,资源
8000,75,1.3,法力,375,建筑,资源
1,75,,魔法工坊,376,建筑,祈祷
12000,76,1.4,黄金,378,建筑,资源
2500,76,1.4,铁,379,建筑,资源
1000,76,1.4,钢,380,建筑,资源
1000,76,1.4,补给,381,建筑,资源
1,76,,军事战术,382,建筑,研究
15000,77,1.4,黄金,383,建筑,资源
5000,77,1.4,铁,384,建筑,资源
3000,77,1.4,钢,385,建筑,资源
2000,77,1.4,补给,386,建筑,资源
1,77,,老练的炮兵,387,建筑,研究
10000,78,,法力,388,建筑,资源
6000,78,,钠红石,389,建筑,资源
1,78,,准备作战,390,建筑,研究
15000,79,1.2,信念,391,建筑,资源
12000,79,1.2,法力,392,建筑,资源
7500,79,1.2,马,393,建筑,资源
1,79,,魔法马厩,394,建筑,祈祷
125000,80,1.3,石头,398,建筑,资源
25000,80,1.3,法力,399,建筑,资源
17500,80,1.3,信念,400,建筑,资源
1,80,,重建堡垒,401,建筑,祈祷
12,81,,市中心组件,404,建筑,建筑
1500,82,,黄金,413,建筑,资源
750,82,,木材,414,建筑,资源
750,82,,石头,415,建筑,资源
500,82,,铜,416,建筑,资源
250,82,,铁,417,建筑,资源
250,82,,工具,418,建筑,资源
1,82,,结束远古时代,419,建筑,研究
8,83,,超大集市组件,420,建筑,建筑
4000,84,,黄金,427,建筑,资源
150,84,,奶牛,428,建筑,资源
100,84,,马,429,建筑,资源
1,84,,集市与市场,430,建筑,研究
8,85,,大教堂组件,431,建筑,建筑
4000,86,,黄金,440,建筑,资源
1500,86,,木材,441,建筑,资源
1000,86,,石头,442,建筑,资源
400,86,,原料,443,建筑,资源
400,86,,补给,444,建筑,资源
100,86,,水晶,445,建筑,资源
1,86,,宗教秩序,446,建筑,研究
12,87,,自由思想家学院组件,447,建筑,建筑
14000,88,,黄金,452,建筑,资源
1200,88,,钢,453,建筑,资源
1000,88,,原料,454,建筑,资源
600,88,,补给,455,建筑,资源
300,88,,水晶,456,建筑,资源
1,88,,结束封建时代,457,建筑,研究
6,89,,超级大炮组件,458,建筑,建筑
1,89,,大型防御计划,459,建筑,研究
15000,90,,黄金,462,建筑,资源
1500,90,,铁,463,建筑,资源
1500,90,,工具,464,建筑,资源
500,90,,钢,465,建筑,资源
250,90,,硝石,466,建筑,资源
1,90,,大型防御计划,467,建筑,研究
8,91,,难民区组件,468,建筑,建筑
12000,92,,木材,474,建筑,资源
12000,92,,石头,475,建筑,资源
8000,92,,铜,476,建筑,资源
6000,92,,铁,477,建筑,资源
6000,92,,工具,478,建筑,资源
1,92,,解决危机,479,建筑,祈祷
5,93,,证券交易所组件,480,建筑,建筑
70000,94,,黄金,484,建筑,资源
6000,94,,钢,485,建筑,资源
4500,94,,原料,486,建筑,资源
1,94,,商业垄断,487,建筑,研究
4,95,,法力之塔组件,488,建筑,建筑
6000,96,,信念,490,建筑,资源
2000,96,,原料,491,建筑,资源
1000,96,,水晶,492,建筑,资源
1,96,,东部圣地,493,建筑,击杀敌人
1,96,,西部圣地,494,建筑,击杀敌人
1,96,,北部圣地,495,建筑,击杀敌人
1,96,,南部圣地,496,建筑,击杀敌人
10,97,,法力深井组件,497,建筑,建筑
24000,98,,石头,500,建筑,资源
6000,98,,钢,501,建筑,资源
2000,98,,水晶,502,建筑,资源
2000,98,,硝石,503,建筑,资源
1,98,,法力应用,504,建筑,研究
4,99,,英雄事迹大厅组件,505,建筑,建筑
7000,100,,研究点,509,建筑,资源
7000,100,,木材,510,建筑,资源
7000,100,,石头,511,建筑,资源
3000,100,,原料,512,建筑,资源
1,100,,肃清怪物,513,建筑,研究
8,101,,海湾区组件,514,建筑,建筑
80000,102,,黄金,522,建筑,资源
30000,102,,木材,523,建筑,资源
20000,102,,石头,524,建筑,资源
7000,102,,原料,525,建筑,资源
7000,102,,钢,526,建筑,资源
1000,102,,钠红石,527,建筑,资源
1,102,,海湾计划,528,建筑,研究
10,103,,光之城组件,529,建筑,建筑
125000,104,,黄金,533,建筑,资源
50000,104,,石头,534,建筑,资源
30000,104,,铜,535,建筑,资源
10000,104,,法力,536,建筑,资源
8000,104,,钠红石,537,建筑,资源
1,104,,钠红之城,538,建筑,研究
10,105,,钢铁宫殿组件,539,建筑,建筑
60000,106,,信念,542,建筑,资源
60000,106,,法力,543,建筑,资源
40000,106,,钢,544,建筑,资源
1,106,,钢铁宫殿,545,建筑,祈祷
10,107,,象牙塔组件,546,建筑,建筑
60000,108,,信念,551,建筑,资源
60000,108,,法力,552,建筑,资源
40000,108,,水晶,553,建筑,资源
1,108,,象牙塔,554,建筑,祈祷
12,109,,自动化联合体组件,555,建筑,建筑
250000,110,,黄金,562,建筑,资源
50000,110,,钢,563,建筑,资源
35000,110,,硝石,564,建筑,资源
35000,110,,法力,565,建筑,资源
20000,110,,钠红石,566,建筑,资源
1,110,,可复制零件,567,建筑,研究
10,111,,科布水晶组件,568,建筑,建筑
500000,112,,黄金,570,建筑,资源
10000,112,,钢,571,建筑,资源
20000,112,,水晶,572,建筑,资源
30000,112,,钠红石,573,建筑,资源
1,112,,复原科布水晶,574,建筑,研究
25,113,,凯旋门组件,575,建筑,建筑
350000,114,,黄金,576,建筑,资源
150000,114,,石头,577,建筑,资源
150000,114,,工具,578,建筑,资源
60000,114,,钢,579,建筑,资源
60000,114,,信念,580,建筑,资源
1,114,,凯旋归来,581,建筑,研究
150,115,1.4,黄金,582,建筑,资源
120,115,1.4,木材,583,建筑,资源
80,115,1.4,石头,584,建筑,资源
1,115,,陶器,585,建筑,研究
1200,116,1.4,黄金,590,建筑,资源
600,116,1.4,木材,591,建筑,资源
400,116,1.4,铜,592,建筑,资源
400,116,1.4,铁,593,建筑,资源
400,116,1.4,工具,594,建筑,资源
1,116,,货币,595,建筑,研究
700,117,1.5,黄金,596,建筑,资源
500,117,1.5,石头,597,建筑,资源
1,117,,幸运石,598,建筑,资源
1,117,,幸运之井,599,建筑,祈祷
600,118,1.6,黄金,600,建筑,资源
400,118,1.6,木材,601,建筑,资源
400,118,1.6,石头,602,建筑,资源
250,118,1.6,工具,603,建筑,资源
1,118,,区域市场,604,建筑,研究
1500,119,1.5,黄金,605,建筑,资源
500,119,1.5,工具,606,建筑,资源
200,119,1.5,原料,607,建筑,资源
1,119,,丰饶之谷,608,建筑,研究
2000,120,1.4,黄金,609,建筑,资源
1000,120,1.4,木材,610,建筑,资源
1000,120,1.4,石头,611,建筑,资源
400,120,1.4,工具,612,建筑,资源
200,120,1.4,原料,613,建筑,资源
200,120,1.4,钢,614,建筑,资源
1,120,,银行业,615,建筑,研究
5000,121,1.4,黄金,616,建筑,资源
2500,121,1.4,石头,617,建筑,资源
1500,121,1.4,工具,618,建筑,资源
500,121,1.4,原料,619,建筑,资源
1,121,,各国大使馆,620,建筑,研究
4000,122,1.5,黄金,621,建筑,资源
3000,122,1.5,木材,622,建筑,资源
1000,122,1.5,工具,623,建筑,资源
500,122,1.5,原料,624,建筑,资源
1,122,,安全的道路,625,建筑,研究
20000,123,2.5,黄金,626,建筑,资源
5000,123,1.5,石头,627,建筑,资源
2500,123,1.5,钢,628,建筑,资源
1,123,,金库,629,建筑,研究
15000,124,1.4,黄金,630,建筑,资源
3000,124,1.3,石头,631,建筑,资源
1500,124,1.3,钢,632,建筑,资源
1500,124,1.2,原料,633,建筑,资源
300,124,1.3,钠红石,634,建筑,资源
1,124,,金融市场,635,建筑,研究
12000,125,1.2,黄金,636,建筑,资源
10000,125,1.2,木材,637,建筑,资源
5000,125,1.2,铁,638,建筑,资源
4000,125,1.2,工具,639,建筑,资源
4000,125,1.2,原料,640,建筑,资源
2500,125,1.2,钢,641,建筑,资源
2500,125,1.2,钠红石,642,建筑,资源
1,125,,铁路,643,建筑,研究
12000,126,1.2,黄金,644,建筑,资源
10000,126,1.2,石头,645,建筑,资源
7500,126,1.2,钢,646,建筑,资源
5000,126,1.2,水晶,647,建筑,资源
3500,126,1.2,钠红石,648,建筑,资源
1,126,,基因中心,649,建筑,研究
80000,127,1.2,黄金,650,建筑,资源
80000,127,1.2,石头,651,建筑,资源
40000,127,1.2,原料,652,建筑,资源
25000,127,1.2,钢,653,建筑,资源
10000,127,1.2,钠红石,654,建筑,资源
1,127,,黄金工厂,655,建筑,祈祷
800,128,,木材,656,建筑,资源
600,128,,石头,657,建筑,资源
1,128,,神话学,658,建筑,研究
1500,129,,黄金,661,建筑,资源
200,129,,铜,662,建筑,资源
200,129,,铁,663,建筑,资源
1,129,,神话学,664,建筑,研究
1000,130,,研究点,665,建筑,资源
500,130,,石头,666,建筑,资源
1,130,,神话学,667,建筑,研究
1500,131,1.4,黄金,669,建筑,资源
1000,131,1.4,木材,670,建筑,资源
1000,131,1.4,石头,671,建筑,资源
500,131,1.4,铜,672,建筑,资源
500,131,1.4,铁,673,建筑,资源
500,131,1.4,工具,674,建筑,资源
1,131,,宗教,675,建筑,研究
500,132,,石头,676,建筑,资源
500,132,,信念,677,建筑,资源
1,132,,神谕,678,建筑,研究
500,133,1.4,信念,679,建筑,资源
1,133,,幸运石,680,建筑,资源
1,133,,命运神殿,681,建筑,祈祷
1000,134,1.4,黄金,682,建筑,资源
500,134,1.4,工具,683,建筑,资源
150,134,1.8,奶牛,684,建筑,资源
80,134,1.8,马,685,建筑,资源
1,134,,神明的祭品,686,建筑,祈祷
2000,135,1.4,石头,687,建筑,资源
1000,135,1.4,铜,688,建筑,资源
700,135,1.4,信念,689,建筑,资源
1,135,,魔法,690,建筑,研究
500,136,1.4,黄金,691,建筑,资源
500,136,1.4,木材,692,建筑,资源
500,136,1.4,石头,693,建筑,资源
200,136,1.3,工具,694,建筑,资源
1,136,,隐居生活,695,建筑,研究
400,137,1.6,信念,697,建筑,资源
400,137,1.4,法力,698,建筑,资源
1,137,,财富圣地,699,建筑,研究
1500,138,1.3,信念,700,建筑,资源
1000,138,1.3,法力,701,建筑,资源
1,138,,法力场,702,建筑,祈祷
750,139,1.5,原料,703,建筑,资源
500,139,1.5,钢,704,建筑,资源
200,139,1.5,水晶,705,建筑,资源
1,139,,法力传送带,706,建筑,研究
8000,140,1.4,石头,707,建筑,资源
5000,140,1.3,原料,708,建筑,资源
3000,140,1.4,信念,709,建筑,资源
2000,140,1.3,水晶,710,建筑,资源
1,140,,神之荣耀,711,建筑,研究
800,141,1.3,法力,712,建筑,资源
200,141,1.3,硝石,713,建筑,资源
1,141,,炼金术反应,714,建筑,研究
8000,142,1.2,石头,717,建筑,资源
4000,142,1.2,原料,718,建筑,资源
3000,142,1.2,信念,719,建筑,资源
2000,142,1.2,水晶,720,建筑,资源
1,142,,宗教部,721,建筑,研究
8000,143,1.5,黄金,727,建筑,资源
3000,143,1.5,石头,728,建筑,资源
2000,143,1.5,工具,729,建筑,资源
300,143,1.5,水晶,730,建筑,资源
1,143,,圣职者军团,731,建筑,研究
5,144,,门之解密,732,建筑,建筑
1,144,,亡者之门,733,建筑,研究
15000,145,,研究点,734,建筑,资源
2500,145,,法力,735,建筑,资源
700,145,,水晶,736,建筑,资源
1,145,,亡者之门,737,建筑,研究
20000,146,,石头,738,建筑,资源
8000,146,,工具,739,建筑,资源
4800,146,,原料,740,建筑,资源
1,146,,法力之塔,741,建筑,建筑
1,146,,东部力量咒语,742,建筑,祈祷
1,146,,西部力量咒语,743,建筑,祈祷
1,146,,北部力量咒语,744,建筑,祈祷
1,146,,南部力量咒语,745,建筑,祈祷
2500,147,1.3,信念,746,建筑,资源
1000,147,1.5,水晶,747,建筑,资源
800,147,1.3,钠红石,748,建筑,资源
1,147,,与自然沟通,749,建筑,研究
10000,148,,法力,750,建筑,资源
8000,148,,钠红石,751,建筑,资源
1,148,,城市的奇迹,752,建筑,研究
15000,149,1.2,法力,753,建筑,资源
15000,149,1.2,硝石,754,建筑,资源
7500,149,1.2,钠红石,755,建筑,资源
1,149,,法力反应堆,756,建筑,研究
80000,150,1.2,黄金,758,建筑,资源
80000,150,1.2,石头,759,建筑,资源
25000,150,1.2,水晶,760,建筑,资源
10000,150,1.2,钠红石,761,建筑,资源
1,150,,法力工厂,762,建筑,祈祷
500,151,1.4,木材,763,建筑,资源
300,151,1.4,石头,764,建筑,资源
150,151,1.4,工具,765,建筑,资源
1,151,,存储,766,建筑,研究
400,152,1.3,木材,767,建筑,资源
400,152,1.3,石头,768,建筑,资源
200,152,1.3,工具,769,建筑,资源
1,152,,远古库存,770,建筑,研究
2000,153,1.3,木材,773,建筑,资源
1000,153,1.3,石头,774,建筑,资源
500,153,1.3,工具,775,建筑,资源
400,153,1.2,原料,776,建筑,资源
400,153,1.2,钢,777,建筑,资源
1,153,,大存储空间,778,建筑,研究
3000,154,1.3,木材,779,建筑,资源
2000,154,1.3,石头,780,建筑,资源
1000,154,1.3,工具,781,建筑,资源
700,154,1.2,原料,782,建筑,资源
700,154,1.2,钢,783,建筑,资源
1,154,,存储区,784,建筑,研究
3000,155,1.2,铁,785,建筑,资源
1000,155,1.2,原料,786,建筑,资源
1500,155,1.2,钢,787,建筑,资源
1,155,,存放贵重材料,788,建筑,研究
4000,156,1.2,铁,791,建筑,资源
1500,156,1.2,原料,792,建筑,资源
2000,156,1.2,钢,793,建筑,资源
1,156,,存储区,794,建筑,研究
2500,157,1.2,钢,797,建筑,资源
1500,157,1.2,法力,798,建筑,资源
1,157,,钠红石存储,799,建筑,研究
20000,158,1.2,石头,800,建筑,资源
8500,158,1.2,原料,801,建筑,资源
8000,158,1.2,钢,802,建筑,资源
1,158,,公共交通,803,建筑,研究
30000,159,1.1,黄金,807,建筑,资源
25000,159,1.1,木材,808,建筑,资源
10000,159,1.1,原料,809,建筑,资源
8000,159,1.1,补给,810,建筑,资源
2500,159,1.1,钠红石,811,建筑,资源
1,159,,踏上旅途,812,建筑,研究
22000,160,1.1,木材,818,建筑,资源
16000,160,1.1,石头,819,建筑,资源
8000,160,1.1,工具,820,建筑,资源
3000,160,1.1,钠红石,821,建筑,资源
1,160,,定居点开发,822,建筑,研究
22000,161,1.1,木材,824,建筑,资源
10000,161,1.1,工具,825,建筑,资源
10000,161,1.1,原料,826,建筑,资源
3000,161,1.1,钠红石,827,建筑,资源
1,161,,工匠联合体,828,建筑,研究
24000,162,1.1,木材,832,建筑,资源
20000,162,1.1,石头,833,建筑,资源
11000,162,1.1,原料,834,建筑,资源
3500,162,1.1,钠红石,835,建筑,资源
1,162,,炼金联合体,836,建筑,研究
25000,163,1.3,石头,837,建筑,资源
15000,163,1.2,铜,838,建筑,资源
10000,163,1.2,原料,839,建筑,资源
10000,163,1.2,水晶,840,建筑,资源
1,163,,辉烬,841,建筑,研究
40000,164,1.2,黄金,842,建筑,资源
36000,164,1.2,木材,843,建筑,资源
5000,164,1.1,钠红石,844,建筑,资源
1,164,,耕作场,845,建筑,研究
50000,165,1.2,黄金,847,建筑,资源
40000,165,1.2,石头,848,建筑,资源
15000,165,1.2,钢,849,建筑,资源
7500,165,1.2,钠红石,850,建筑,资源
1,165,,钢厂,851,建筑,研究
40000,166,1.2,黄金,852,建筑,资源
16000,166,1.2,法力,853,建筑,资源
7500,166,1.2,钠红石,854,建筑,资源
1,166,,水晶培育场,855,建筑,研究
80000,167,1.1,木材,857,建筑,资源
10000,167,1.1,水晶,858,建筑,资源
10000,167,1.1,原料,859,建筑,资源
1,167,,精灵仅剩的村庄,860,建筑,研究
75000,168,1.2,木材,863,建筑,资源
45000,168,1.2,铜,864,建筑,资源
11000,168,1.2,水晶,865,建筑,资源
11000,168,1.2,原料,866,建筑,资源
1,168,,精灵繁荣昌盛,867,建筑,研究
50000,169,1.2,木材,870,建筑,资源
7000,169,1.2,水晶,871,建筑,资源
1,169,,精灵幸存者,872,建筑,研究
8,170,,治疗室,875,建筑,建筑
8,170,,再生花园,876,建筑,建筑
200000,171,,研究点,882,建筑,资源
38000,171,,水晶,883,建筑,资源
1,171,,精灵衰变,884,建筑,研究
40000,172,,食物,885,建筑,资源
20000,172,,信念,886,建筑,资源
1,172,,精灵衰变,887,建筑,研究
15000,173,1.2,黄金,888,建筑,资源
12000,173,1.2,木材,889,建筑,资源
7000,173,1.2,原料,890,建筑,资源
1200,173,1.2,钠红石,891,建筑,资源
1,173,,生产中心,892,建筑,研究
1,173,,定居点码头,893,建筑,研究
25000,174,1.1,黄金,894,建筑,资源
15000,174,1.1,石头,895,建筑,资源
7500,174,1.1,工具,896,建筑,资源
4500,174,1.1,钢,897,建筑,资源
1400,174,1.1,钠红石,898,建筑,资源
1,174,,生产中心,899,建筑,研究
1,174,,海外精炼厂,900,建筑,研究
30000,175,1.1,黄金,901,建筑,资源
25000,175,1.1,石头,902,建筑,资源
10000,175,1.1,钢,903,建筑,资源
1500,175,1.1,钠红石,904,建筑,资源
1,175,,生产中心,905,建筑,研究
1,175,,定居点交易,906,建筑,研究
50000,176,1.1,黄金,907,建筑,资源
25000,176,1.1,石头,908,建筑,资源
10000,176,1.1,钢,909,建筑,资源
5000,176,1.1,钠红石,910,建筑,资源
1,176,,市场规律,911,建筑,研究
8000,177,1.2,食物,912,建筑,资源
6000,177,1.2,补给,913,建筑,资源
1500,177,1.2,钠红石,914,建筑,资源
1000,177,1.2,奶牛,915,建筑,资源
500,177,1.2,马,916,建筑,资源
1,177,,生产中心,917,建筑,研究
1,177,,大片庄园,918,建筑,研究
30000,178,1.2,木材,923,建筑,资源
10000,178,1.2,原料,924,建筑,资源
8000,178,1.2,硝石,925,建筑,资源
1,178,,战壕,926,建筑,研究
20000,179,1.1,木材,927,建筑,资源
16000,179,1.1,石头,928,建筑,资源
9000,179,1.1,工具,929,建筑,资源
2500,179,1.1,钠红石,930,建筑,资源
1,179,,踏上旅途,931,建筑,研究
32000,180,1.1,木材,932,建筑,资源
22000,180,1.1,石头,933,建筑,资源
14000,180,1.1,工具,934,建筑,资源
3000,180,1.1,钠红石,935,建筑,资源
1,180,,大型棚屋,936,建筑,研究
20,181,,美德雕像组件,937,建筑,建筑
55000,182,,硝石,948,建筑,资源
55000,182,,钢,949,建筑,资源
40000,182,,法力,950,建筑,资源
1,182,,古物洞穴,951,建筑,研究
140000,183,,研究点,952,建筑,资源
200000,183,,黄金,953,建筑,资源
100000,183,,石头,954,建筑,资源
50000,183,,铁,955,建筑,资源
25000,183,,钢,956,建筑,资源
15000,183,,钠红石,957,建筑,资源
1,183,,港口雕像,958,建筑,研究
30000,184,1.1,黄金,959,建筑,资源
15000,184,1.1,木材,960,建筑,资源
5000,184,1.1,原料,961,建筑,资源
1200,184,1.1,钠红石,962,建筑,资源
1,184,,定居点营地,963,建筑,研究
30000,185,1.1,石头,964,建筑,资源
10000,185,1.1,钢,965,建筑,资源
8000,185,1.1,硝石,966,建筑,资源
2500,185,1.1,钠红石,967,建筑,资源
1,185,,定居点据点,968,建筑,研究
35000,186,1.1,黄金,969,建筑,资源
18000,186,1.1,木材,970,建筑,资源
5000,186,1.1,补给,971,建筑,资源
2000,186,1.1,钠红石,972,建筑,资源
1,186,,定居点新兵,973,建筑,研究
20,187,,磐石堡垒组件,974,建筑,建筑
200000,188,,黄金,981,建筑,资源
100000,188,,石头,982,建筑,资源
50000,188,,铁,983,建筑,资源
25000,188,,钢,984,建筑,资源
25000,188,,硝石,985,建筑,资源
15000,188,,钠红石,986,建筑,资源
1,188,,加固定居点,987,建筑,研究
12000,189,1.1,木材,988,建筑,资源
5000,189,1.1,信念,989,建筑,资源
1500,189,1.1,水晶,990,建筑,资源
1500,189,1.1,钠红石,991,建筑,资源
1,189,,新世界的信仰,992,建筑,研究
15000,190,1.1,石头,996,建筑,资源
8000,190,1.1,工具,997,建筑,资源
6000,190,1.1,信念,998,建筑,资源
2500,190,1.1,水晶,999,建筑,资源
2500,190,1.1,钠红石,1000,建筑,资源
1,190,,新世界的远古神明,1001,建筑,研究
12000,191,1.1,钢,1003,建筑,资源
12000,191,1.1,工具,1004,建筑,资源
2500,191,1.1,钠红石,1005,建筑,资源
1,191,,法力调查,1006,建筑,研究
16000,192,1.2,法力,1007,建筑,资源
14000,192,1.2,水晶,1008,建筑,资源
7500,192,1.2,钠红石,1009,建筑,资源
1,192,,法力制造器,1010,建筑,研究
20,193,,应许之地组件,1011,建筑,建筑
200000,194,,黄金,1019,建筑,资源
25000,194,,信念,1020,建筑,资源
20000,194,,原料,1021,建筑,资源
17500,194,,法力,1022,建筑,资源
15000,194,,钠红石,1023,建筑,资源
1,194,,定居点祝圣,1024,建筑,研究
30000,195,1.2,石头,1025,建筑,资源
8000,195,1.2,法力,1026,建筑,资源
6000,195,1.2,水晶,1027,建筑,资源
4000,195,1.1,钠红石,1028,建筑,资源
1,195,,传送门,1029,建筑,研究
50000,196,1.2,石头,1030,建筑,资源
15000,196,1.2,钢,1031,建筑,资源
10000,196,1.2,硝石,1032,建筑,资源
5000,196,1.2,钠红石,1033,建筑,资源
275,196,1.2,辉烬,1034,建筑,资源
1,196,,光明,1035,建筑,资源
1,196,,调查深渊,1036,建筑,研究
75000,197,1.2,木材,1037,建筑,资源
15000,197,1.2,原料,1038,建筑,资源
375,197,1.2,辉烬,1039,建筑,资源
1,197,,光明,1040,建筑,资源
1,197,,俯瞰黑暗,1041,建筑,研究
30000,198,1.2,木材,1042,建筑,资源
2500,198,1.2,水晶,1043,建筑,资源
2500,198,1.1,钠红石,1044,建筑,资源
1,198,,划定疆界,1045,建筑,研究
30000,199,1.2,钢,1047,建筑,资源
15000,199,1.2,水晶,1048,建筑,资源
5000,199,1.2,钠红石,1049,建筑,资源
1000,199,1.2,辉烬,1050,建筑,资源
1,199,,无人机,1051,建筑,研究
15000,200,1.5,黄金,1052,建筑,资源
8000,200,1.5,石头,1053,建筑,资源
1,200,,幸运石,1054,建筑,资源
1,200,,深渊佣兵,1055,建筑,研究
60000,201,1.2,石头,1060,建筑,资源
15000,201,1.2,钢,1061,建筑,资源
10000,201,1.2,水晶,1062,建筑,资源
400,201,1.2,辉烬,1063,建筑,资源
1,201,,光明,1064,建筑,资源
1,201,,奥术研究,1065,建筑,研究
75000,202,,石头,1066,建筑,资源
500,202,,辉烬,1067,建筑,资源
1,202,,深渊神殿,1068,建筑,研究
75000,203,,石头,1069,建筑,资源
250,203,,辉烬,1070,建筑,资源
1,203,,深渊神殿,1071,建筑,研究
75000,204,,石头,1074,建筑,资源
750,204,,辉烬,1075,建筑,资源
3,204,,光明,1076,建筑,资源
1,204,,深渊神殿,1077,建筑,研究
25000,205,1.2,石头,1082,建筑,资源
10000,205,1.2,原料,1083,建筑,资源
1,205,,地下房间,1084,建筑,研究
35000,206,1.2,石头,1087,建筑,资源
12000,206,1.2,原料,1088,建筑,资源
8000,206,1.2,水晶,1089,建筑,资源
500,206,1.2,辉烬,1090,建筑,资源
1,206,,光明,1091,建筑,资源
1,206,,光耀广场,1092,建筑,研究
30000,207,1.2,石头,1095,建筑,资源
15000,207,1.2,工具,1096,建筑,资源
1,207,,地下房间,1097,建筑,研究
45000,208,1.2,石头,1100,建筑,资源
25000,208,1.2,钢,1101,建筑,资源
120,208,1.2,辉烬,1102,建筑,资源
1,208,,火箭技术,1103,建筑,研究
11,209,,信号机器组件,1104,建筑,建筑
500000,210,,研究点,1105,建筑,资源
400000,210,,黄金,1106,建筑,资源
100000,210,,法力,1107,建筑,资源
1,210,,信号机器,1108,建筑,研究
10,211,,人类导引组件,1109,建筑,建筑
750000,212,,研究点,1113,建筑,资源
600000,212,,黄金,1114,建筑,资源
200000,212,,法力,1115,建筑,资源
100000,212,,钠红石,1116,建筑,资源
15000,212,,辉烬,1117,建筑,资源
2,212,,光明,1118,建筑,资源
1,212,,人类导引,1119,建筑,研究
16000,213,1.4,黄金,1120,建筑,资源
14000,213,1.4,木材,1121,建筑,资源
8000,213,1.4,石头,1122,建筑,资源
1,213,,地下房间,1123,建筑,研究
50000,214,1.2,石头,1124,建筑,资源
25000,214,1.2,原料,1125,建筑,资源
15000,214,1.2,钠红石,1126,建筑,资源
1,214,,光明,1127,建筑,资源
1,214,,辉烬精炼厂,1128,建筑,祈祷
100000,215,1.1,黄金,1129,建筑,资源
80000,215,1.1,木材,1130,建筑,资源
80000,215,1.1,石头,1131,建筑,资源
50000,215,1.1,铁,1132,建筑,资源
25000,215,1.1,工具,1133,建筑,资源
150,215,1.1,辉烬,1134,建筑,资源
1,215,,光明,1135,建筑,资源
1,215,,强化兵营,1136,建筑,祈祷
100000,216,1.2,黄金,1137,建筑,资源
7000,216,1.2,钠红石,1138,建筑,资源
1500,216,1.2,辉烬,1139,建筑,资源
1,216,,幸运石,1140,建筑,资源
1,216,,炮兵军官营房,1141,建筑,研究
50000,217,1.2,铜,1144,建筑,资源
15000,217,1.2,硝石,1145,建筑,资源
12500,217,1.2,钠红石,1146,建筑,资源
575,217,1.2,辉烬,1147,建筑,资源
1,217,,光明,1148,建筑,资源
1,217,,汲取法力,1149,建筑,研究
30000,218,1.2,石头,1150,建筑,资源
25000,218,1.2,信念,1151,建筑,资源
20000,218,1.2,法力,1152,建筑,资源
1,218,,光明,1153,建筑,资源
1,218,,天使宫殿,1154,建筑,研究
1,222,,勘测周围区域,9,敌人,研究
1,223,,勘测周围区域,11,敌人,研究
1,224,,黑暗之地,13,敌人,研究
1,225,,勘测周围区域,15,敌人,研究
1,226,,探索新世界,17,敌人,研究
1,229,,驯服野蛮人,24,敌人,研究
1,235,,长途探险,41,敌人,研究
1,236,,勘测周围区域,43,敌人,研究
1,237,,长途探险,45,敌人,研究
1,238,,勘测周围区域,48,敌人,研究
1,240,,黑色古物,55,敌人,研究
1,241,,勘测周围区域,58,敌人,研究
1,242,,月神的神庙,60,敌人,研究
1,244,,恶魔卷轴,64,敌人,祈祷
1,247,,烬火灾主,75,敌人,研究
1,248,,勘测周围区域,82,敌人,研究
1,249,,荒漠的精灵神话,84,敌人,研究
1,250,,恶魔学,88,敌人,祈祷
1,251,,长途探险,92,敌人,研究
1,252,,探索新世界,94,敌人,研究
1,253,,火焰之迹,97,敌人,研究
1,254,,精灵古物,101,敌人,研究
1,255,,圣地,103,敌人,祈祷
1,256,,赢得民心,105,敌人,研究
1,257,,请求帮助,107,敌人,研究
1,258,,探索新世界,109,敌人,研究
1,259,,探索新世界,111,敌人,研究
1,260,,探索新世界,113,敌人,研究
1,261,,探索新世界,115,敌人,研究
1,262,,探索新世界,117,敌人,研究
1,263,,探索新世界,119,敌人,研究
1,264,,佣兵团,121,敌人,研究
1,265,,探索新世界,123,敌人,研究
1,266,,猎杀怪物,125,敌人,研究
1,268,,猎杀怪物,130,敌人,研究
1,270,,长途探险,136,敌人,研究
1,272,,孩子们的轨迹,141,敌人,研究
1,276,,公会,151,敌人,研究
1,277,,猎杀怪物,154,敌人,研究
1,278,,科布统治领,158,敌人,研究
1,279,,探索新世界,159,敌人,研究
1,281,,死灵术,163,敌人,研究
1,282,,地下任务,167,敌人,研究
1,286,,长途探险,176,敌人,研究
1,287,,猎杀怪物,178,敌人,研究
1,289,,长途探险,185,敌人,研究
1,291,,奇怪的灯,191,敌人,祈祷
1,293,,圣地,196,敌人,祈祷
1,298,,兽人堡垒,206,敌人,研究
1,299,,人类的至暗时刻,209,敌人,研究
1,300,,人类的至暗时刻,212,敌人,研究
1,301,,人类的至暗时刻,215,敌人,研究
1,302,,兽人的威胁,218,敌人,研究
1,303,,被烧毁的农场,220,敌人,研究
1,306,,勘测周围区域,230,敌人,研究
1,307,,泰坦的镶嵌画,233,敌人,研究
1,308,,强盗首领,235,敌人,研究
1,312,,逃兵的起源,245,敌人,研究
1,314,,圣地,249,敌人,祈祷
1,315,,探索新世界,251,敌人,研究
1,316,,探索新世界,253,敌人,研究
1,319,,圣地,258,敌人,祈祷
1,321,,公会,261,敌人,研究
1,322,,图书馆之谜,262,敌人,研究
1,329,,勘测周围区域,272,敌人,研究
1,330,,长途探险,275,敌人,研究
1,331,,血迹,277,敌人,研究
1,332,,航海,280,敌人,研究
1,333,,肃清旧前哨,281,敌人,研究
1,334,,加里亚德的秘密,284,敌人,研究
1,335,,自由之翼,286,敌人,研究
1,336,,勘测周围区域,288,敌人,研究
1,337,,勘测周围区域,289,敌人,研究
1,338,,勘测周围区域,291,敌人,研究
1,340,,箭术,5,军队,研究
400,340,,黄金,6,军队,资源
200,340,,食物,7,军队,资源
1,341,,公会,8,军队,研究
1000,341,,黄金,9,军队,资源
100,341,,补给,10,军队,资源
1,342,,无人机,11,军队,研究
100,342,,钠红石,12,军队,资源
1,343,,泽尼克斯的使魔,13,军队,研究
100,343,,食物,14,军队,资源
100,343,,法力,15,军队,资源
1,344,,间谍行动,16,军队,研究
1000,344,,黄金,17,军队,资源
1,345,,箭术,18,军队,研究
200,345,,黄金,19,军队,资源
100,345,,木材,20,军队,资源
1,346,,战争,21,军队,研究
800,346,,黄金,22,军队,资源
1000,346,,木材,23,军队,资源
1,347,,弩,24,军队,研究
1000,347,,黄金,25,军队,资源
400,347,,木材,26,军队,资源
50,347,,补给,27,军队,资源
1,348,,攻城技术,28,军队,研究
1200,348,,黄金,29,军队,资源
2000,348,,木材,30,军队,资源
1,349,,白色连队,31,军队,研究
2500,349,,黄金,32,军队,资源
1,350,,境域行者泽尼克斯,33,军队,祈祷
7500,350,,黄金,34,军队,资源
400,350,,水晶,35,军队,资源
1,351,,法师,36,军队,祈祷
1250,351,,信念,37,军队,资源
1000,351,,法力,38,军队,资源
1,352,,火药,39,军队,研究
1500,352,,黄金,40,军队,资源
100,352,,硝石,41,军队,资源
1,353,,军事科学,42,军队,研究
2000,353,,黄金,43,军队,资源
200,353,,钢,44,军队,资源
200,353,,硝石,45,军队,资源
1,354,,野战炮,46,军队,研究
5000,354,,黄金,47,军队,资源
1000,354,,硝石,48,军队,资源
500,354,,钢,49,军队,资源
1,355,,金属合金,50,军队,研究
15000,355,,黄金,51,军队,资源
5000,355,,硝石,52,军队,资源
5000,355,,钢,53,军队,资源
2500,355,,钠红石,54,军队,资源
1,356,,大法师,55,军队,祈祷
7000,356,,信念,56,军队,资源
7000,356,,法力,57,军队,资源
1,357,,游击战,59,军队,研究
1500,357,,食物,60,军队,资源
750,357,,补给,61,军队,资源
1,358,,精灵战士,62,军队,研究
2000,358,,补给,63,军队,资源
2000,358,,水晶,64,军队,资源
1,359,,战壕,65,军队,研究
3500,359,,黄金,66,军队,资源
500,359,,硝石,67,军队,资源
500,359,,补给,68,军队,资源
1,360,,长弓手,69,军队,研究
8000,360,,黄金,70,军队,资源
8000,360,,木材,71,军队,资源
1,361,,机枪,72,军队,研究
7000,361,,黄金,73,军队,资源
750,361,,钠红石,74,军队,资源
200,361,,辉烬,75,军队,资源
1,362,,青铜加工,76,军队,研究
200,362,,黄金,77,军队,资源
150,362,,木材,78,军队,资源
50,362,,铜,79,军队,资源
1,363,,方阵步兵,80,军队,研究
200,363,,黄金,81,军队,资源
150,363,,木材,82,军队,资源
150,363,,铁,83,军队,资源
1,364,,远古之僧,84,军队,祈祷
800,364,,信念,85,军队,资源
400,364,,法力,86,军队,资源
1,365,,青铜加工,87,军队,研究
1,365,,持盾卫士,88,军队,传承
350,365,,黄金,89,军队,资源
350,365,,木材,90,军队,资源
1,366,,宗教,91,军队,研究
1,366,,牧师,92,军队,传承
800,366,,食物,93,军队,资源
800,366,,信念,94,军队,资源
1,367,,制造神圣魔像,95,军队,祈祷
2000,367,,石头,96,军队,资源
1000,367,,信念,97,军队,资源
800,367,,法力,98,军队,资源
1,368,,武装商队,99,军队,祈祷
10000,368,,木材,100,军队,资源
2000,368,,钢,101,军队,资源
1,369,,圣职者军团,102,军队,研究
1800,369,,信念,103,军队,资源
200,369,,水晶,104,军队,资源
1,370,,青铜加工,105,军队,研究
1,370,,主宰,106,军队,传承
600,370,,食物,107,军队,资源
600,370,,奶牛,108,军队,资源
400,370,,法力,109,军队,资源
1,371,,圣斗士,110,军队,祈祷
2500,371,,信念,111,军队,资源
500,371,,钢,112,军队,资源
1,372,,钢铁之躯,113,军队,研究
3000,372,,钢,114,军队,资源
1500,372,,硝石,115,军队,资源
1000,372,,钠红石,116,军队,资源
1,373,,远古炎魔,117,军队,研究
10000,373,,食物,118,军队,资源
10000,373,,法力,119,军队,资源
1,374,,不义之财,121,军队,研究
250,374,,黄金,122,军队,资源
250,374,,工具,123,军队,资源
1,375,,法力堡垒,124,军队,祈祷
25000,375,,石头,125,军队,资源
20000,375,,法力,126,军队,资源
1,376,,象牙塔,127,军队,建筑
25000,376,,信念,128,军队,资源
25000,376,,法力,129,军队,资源
1,377,,青铜加工,131,军队,研究
400,377,,黄金,132,军队,资源
200,377,,铜,133,军队,资源
1,378,,佣兵团,134,军队,研究
2500,378,,黄金,135,军队,资源
1,379,,铁加工,136,军队,研究
800,379,,黄金,137,军队,资源
300,379,,铁,138,军队,资源
1,380,,卡纳瓦护卫,139,军队,研究
2000,380,,黄金,140,军队,资源
1,381,,板甲,141,军队,研究
1500,381,,黄金,142,军队,资源
250,381,,钢,143,军队,资源
1,382,,燧发枪,144,军队,研究
2500,382,,黄金,145,军队,资源
500,382,,硝石,146,军队,资源
250,382,,补给,147,军队,资源
1,383,,维度装置,148,军队,研究
2000,383,,黄金,149,军队,资源
1000,383,,硝石,150,军队,资源
500,383,,钠红石,151,军队,资源
1,384,,新世界民兵,152,军队,研究
100,384,,黄金,153,军队,资源
10,384,,硝石,154,军队,资源
1,385,,步枪手,155,军队,研究
5000,385,,黄金,156,军队,资源
750,385,,钠红石,157,军队,资源
100,385,,辉烬,158,军队,资源
1,386,,神圣之怒,159,军队,研究
2000,386,,信念,160,军队,资源
600,386,,法力,161,军队,资源
1,387,,战争,162,军队,研究
2500,387,,黄金,163,军队,资源
1,388,,渴望战斗,164,军队,祈祷
1000,388,,法力,165,军队,资源
1,389,,军官训练场,166,军队,建筑
15000,389,,黄金,167,军队,资源
1,390,,炽天使,168,军队,研究
10000,390,,信念,169,军队,资源
5000,390,,法力,170,军队,资源
2000,390,,水晶,171,军队,资源
1,391,,召唤尼哈鲁尔,172,军队,祈祷
12500,391,,法力,173,军队,资源
1,392,,饲育,174,军队,研究
400,392,,黄金,175,军队,资源
300,392,,食物,176,军队,资源
25,392,,马,177,军队,资源
1,393,,骑士精神,178,军队,研究
3000,393,,黄金,179,军队,资源
250,393,,钢,180,军队,资源
50,393,,马,181,军队,资源
1,394,,说服贵族,182,军队,研究
2000,394,,黄金,183,军队,资源
500,394,,钢,184,军队,资源
75,394,,马,185,军队,资源
1,395,,重骑兵,186,军队,研究
5000,395,,黄金,187,军队,资源
500,395,,钢,188,军队,资源
200,395,,马,189,军队,资源
200,395,,硝石,190,军队,资源
1,396,,人类DNA,191,军队,研究
10000,396,,黄金,192,军队,资源
5000,396,,钢,193,军队,资源
500,396,,马,194,军队,资源
500,396,,水晶,195,军队,资源
1,397,,加里亚德团长,196,军队,研究
10000,397,,黄金,197,军队,资源
3000,397,,马,198,军队,资源
1,398,,命运之化身,199,军队,研究
90000,398,,信念,200,军队,资源
90000,398,,法力,201,军队,资源
1,399,,“猩红灾厄”维戈洛斯,202,军队,研究
100000,399,,法力,203,军队,资源
,548,,,2,成就,达成条件
1,549,,转生,4,成就,统计
5,550,,转生,5,成就,统计
15,551,,转生,6,成就,统计
30,552,,转生,7,成就,统计
60,553,,转生,8,成就,统计
120,554,,转生,9,成就,统计
1,555,,超转生,10,成就,统计
5,556,,超转生,13,成就,统计
10,557,,超转生,16,成就,统计
20,558,,超转生,19,成就,统计
40,559,,超转生,24,成就,统计
80,560,,超转生,27,成就,统计
1,561,,灭世终焉发射数,28,成就,统计
5,562,,灭世终焉发射数,29,成就,统计
15,563,,灭世终焉发射数,30,成就,统计
30,564,,灭世终焉发射数,31,成就,统计
1,565,,说服贵族,32,成就,研究
1,566,,地狱之洞,34,成就,击杀敌人
1,567,,地狱之洞,36,成就,击杀敌人
1,568,,地狱之洞,38,成就,击杀敌人
1,569,,熊地精作战队,43,成就,击杀敌人
1,570,,熊地精作战队,45,成就,击杀敌人
1,571,,熊地精作战队,47,成就,击杀敌人
1,572,,亡者要塞,52,成就,击杀敌人
1,573,,亡者要塞,54,成就,击杀敌人
1,574,,亡者要塞,56,成就,击杀敌人
1,575,,女恶魔城堡,61,成就,击杀敌人
1,576,,女恶魔城堡,63,成就,击杀敌人
1,577,,女恶魔城堡,65,成就,击杀敌人
1,578,,烬火灾主,69,成就,击杀敌人
1,579,,烬火灾主,70,成就,击杀敌人
1,580,,烬火灾主,71,成就,击杀敌人
1,581,,阴暗狼人之森,72,成就,击杀敌人
1,582,,阴暗狼人之森,74,成就,击杀敌人
1,583,,阴暗狼人之森,76,成就,击杀敌人
1,584,,金矿,81,成就,击杀敌人
1,585,,金矿,83,成就,击杀敌人
1,586,,金矿,85,成就,击杀敌人
1,587,,豺狼人营地,90,成就,击杀敌人
1,588,,豺狼人营地,92,成就,击杀敌人
1,589,,豺狼人营地,94,成就,击杀敌人
1,590,,古鲁德·乌格顿城堡,99,成就,击杀敌人
1,591,,古鲁德·乌格顿城堡,101,成就,击杀敌人
1,592,,古鲁德·乌格顿城堡,103,成就,击杀敌人
1,593,,山中之谷,108,成就,击杀敌人
1,594,,山中之谷,110,成就,击杀敌人
1,595,,山中之谷,112,成就,击杀敌人
1,596,,沉眠的泰坦,117,成就,击杀敌人
1,597,,沉眠的泰坦,118,成就,击杀敌人
1,598,,沉眠的泰坦,119,成就,击杀敌人
1,599,,阿塔玛之子,121,成就,击杀敌人
1,600,,阿塔玛之子,123,成就,击杀敌人
1,601,,阿塔玛之子,125,成就,击杀敌人
1,602,,魅魔黑暗图书馆,130,成就,击杀敌人
1,603,,魅魔黑暗图书馆,132,成就,击杀敌人
1,604,,魅魔黑暗图书馆,134,成就,击杀敌人
1,605,,巨黄蜂群落,139,成就,击杀敌人
1,606,,巨黄蜂群落,141,成就,击杀敌人
1,607,,巨黄蜂群落,143,成就,击杀敌人
1,608,,巨大洞穴,148,成就,击杀敌人
1,609,,巨大洞穴,150,成就,击杀敌人
1,610,,巨大洞穴,152,成就,击杀敌人
1,611,,吸血鬼老巢,157,成就,击杀敌人
1,612,,吸血鬼老巢,159,成就,击杀敌人
1,613,,吸血鬼老巢,161,成就,击杀敌人
1,614,,加里亚德的遗忘避难所,166,成就,击杀敌人
1,615,,加里亚德的遗忘避难所,168,成就,击杀敌人
1,616,,加里亚德的遗忘避难所,170,成就,击杀敌人
1,617,,远古巨人,175,成就,击杀敌人
1,618,,远古巨人,177,成就,击杀敌人
1,619,,远古巨人,179,成就,击杀敌人
1,620,,骷髅脸营地,182,成就,击杀敌人
1,621,,骷髅脸营地,184,成就,击杀敌人
1,622,,骷髅脸营地,186,成就,击杀敌人
1,623,,牛头怪迷宫,190,成就,击杀敌人
1,624,,牛头怪迷宫,192,成就,击杀敌人
1,625,,牛头怪迷宫,194,成就,击杀敌人
1,626,,玛卡纳特森林,198,成就,击杀敌人
1,627,,玛卡纳特森林,200,成就,击杀敌人
1,628,,玛卡纳特森林,202,成就,击杀敌人
1,629,,多头蛇之坑,206,成就,击杀敌人
1,630,,多头蛇之坑,208,成就,击杀敌人
1,631,,多头蛇之坑,210,成就,击杀敌人
1,632,,淘气鬼酋长,215,成就,击杀敌人
1,633,,淘气鬼酋长,217,成就,击杀敌人
1,634,,淘气鬼酋长,219,成就,击杀敌人
1,635,,蛇发女妖巢穴,224,成就,击杀敌人
1,636,,蛇发女妖巢穴,226,成就,击杀敌人
1,637,,蛇发女妖巢穴,228,成就,击杀敌人
1,638,,人民的拥戴,233,成就,研究
1,639,,月明之夜,236,成就,研究
1,640,,月明之夜,238,成就,研究
1,641,,月明之夜,239,成就,研究
1,642,,月明之夜,242,成就,研究
1,643,,月明之夜,246,成就,研究
1,644,,巨龙来袭,252,成就,研究
1,645,,巨龙来袭,254,成就,研究
1,646,,巨龙来袭,255,成就,研究
1,647,,巨龙来袭,258,成就,研究
1,648,,巨龙来袭,263,成就,研究
1,649,,神秘劫案,268,成就,研究
1,650,,神秘劫案,270,成就,研究
1,651,,神秘劫案,271,成就,研究
1,652,,神秘劫案,274,成就,研究
1,653,,神秘劫案,278,成就,研究
1,654,,堕天使出现,283,成就,研究
1,655,,堕天使出现,285,成就,研究
1,656,,堕天使出现,286,成就,研究
1,657,,堕天使出现,289,成就,研究
1,658,,堕天使出现,293,成就,研究
1,659,,兽人部落,298,成就,研究
1,660,,兽人部落,300,成就,研究
1,661,,兽人部落,301,成就,研究
1,662,,兽人部落,303,成就,研究
1,663,,兽人部落,307,成就,研究
1,664,,无智之恶,313,成就,研究
1,665,,无智之恶,315,成就,研究
1,666,,无智之恶,316,成就,研究
1,667,,无智之恶,318,成就,研究
1,668,,无智之恶,322,成就,研究
1,669,,凯旋门,328,成就,建筑
1,670,,市中心,329,成就,建筑
1,671,,大教堂,332,成就,建筑
1,672,,超大集市,335,成就,建筑
1,673,,自由思想家学院,338,成就,建筑
1,674,,自动化联合体,340,成就,建筑
1,675,,光之城,344,成就,建筑
1,676,,磐石堡垒,347,成就,建筑
1,677,,海湾区,349,成就,建筑
1,678,,应许之地,352,成就,建筑
1,679,,灵魂图书馆,355,成就,建筑
1,680,,法力深井,357,成就,建筑
1,681,,难民区,360,成就,建筑
1,682,,美德雕像,364,成就,建筑
1,683,,证券交易所,369,成就,建筑
1,684,,法力之塔,371,成就,建筑
1,685,,超级大炮,373,成就,建筑
1,686,,栅栏,376,成就,建筑
1,687,,城墙,378,成就,建筑
4,688,,弩炮,380,成就,建筑
8,689,,雷区,382,成就,建筑
4,690,,钠红石气球,383,成就,建筑
8,691,,魔法塔,385,成就,建筑
8,692,,守望者前哨,387,成就,建筑
5,693,,普通房屋,389,成就,建筑
15,694,,普通房屋,390,成就,建筑
30,695,,普通房屋,391,成就,建筑
5,696,,炼金联合体,392,成就,建筑
15,697,,炼金联合体,393,成就,建筑
25,698,,炼金联合体,394,成就,建筑
5,699,,工匠联合体,395,成就,建筑
15,700,,工匠联合体,398,成就,建筑
25,701,,工匠联合体,401,成就,建筑
5,702,,建筑工联合体,404,成就,建筑
15,703,,建筑工联合体,406,成就,建筑
25,704,,建筑工联合体,408,成就,建筑
5,705,,市政厅,410,成就,建筑
15,706,,市政厅,411,成就,建筑
25,707,,市政厅,412,成就,建筑
5,708,,宅邸,413,成就,建筑
15,709,,宅邸,414,成就,建筑
25,710,,宅邸,415,成就,建筑
5,711,,住宅区,416,成就,建筑
15,712,,住宅区,418,成就,建筑
25,713,,住宅区,420,成就,建筑
5,714,,伊甸园,422,成就,建筑
15,715,,伊甸园,423,成就,建筑
25,716,,伊甸园,424,成就,建筑
5,717,,定居点大厅,425,成就,建筑
10,718,,定居点大厅,428,成就,建筑
15,719,,定居点大厅,431,成就,建筑
5,720,,精灵营地,434,成就,建筑
10,721,,精灵营地,436,成就,建筑
5,722,,精灵村庄,438,成就,建筑
10,723,,精灵村庄,440,成就,建筑
5,724,,农场,442,成就,建筑
15,725,,农场,443,成就,建筑
30,726,,农场,444,成就,建筑
5,727,,粮仓,445,成就,建筑
15,728,,粮仓,446,成就,建筑
25,729,,粮仓,447,成就,建筑
5,730,,丰饶之谷,448,成就,建筑
10,731,,攻城机器厂,450,成就,建筑
10,732,,炮兵靶场,451,成就,建筑
5,733,,伐木工营地,452,成就,建筑
15,734,,伐木工营地,453,成就,建筑
30,735,,伐木工营地,454,成就,建筑
5,736,,采石场,455,成就,建筑
15,737,,采石场,456,成就,建筑
30,738,,采石场,457,成就,建筑
5,739,,工匠作坊,458,成就,建筑
15,740,,工匠作坊,460,成就,建筑
30,741,,工匠作坊,462,成就,建筑
5,742,,矿井,464,成就,建筑
15,743,,矿井,466,成就,建筑
30,744,,矿井,468,成就,建筑
5,745,,建筑工区域,470,成就,建筑
15,746,,建筑工区域,472,成就,建筑
25,747,,建筑工区域,474,成就,建筑
5,748,,工业厂房,476,成就,建筑
15,749,,工业厂房,480,成就,建筑
25,750,,工业厂房,484,成就,建筑
5,751,,钠红石精炼厂,488,成就,建筑
15,752,,钠红石精炼厂,489,成就,建筑
25,753,,钠红石精炼厂,490,成就,建筑
5,754,,学校,491,成就,建筑
15,755,,学校,492,成就,建筑
30,756,,学校,493,成就,建筑
5,757,,研究工厂,494,成就,建筑
15,758,,研究工厂,495,成就,建筑
25,759,,研究工厂,496,成就,建筑
5,760,,天文台,497,成就,建筑
15,761,,天文台,498,成就,建筑
5,762,,工厂,499,成就,建筑
15,763,,工厂,501,成就,建筑
5,764,,物流中心,503,成就,建筑
15,765,,物流中心,505,成就,建筑
5,766,,法力反应堆,507,成就,建筑
10,767,,法力反应堆,509,成就,建筑
5,768,,发展部,511,成就,建筑
15,769,,发展部,513,成就,建筑
5,770,,火车站,515,成就,建筑
15,771,,火车站,516,成就,建筑
5,772,,棚屋,517,成就,建筑
15,773,,棚屋,521,成就,建筑
30,774,,棚屋,525,成就,建筑
5,775,,大型棚屋,529,成就,建筑
15,776,,大型棚屋,534,成就,建筑
25,777,,大型棚屋,539,成就,建筑
5,778,,储物间,544,成就,建筑
15,779,,储物间,548,成就,建筑
30,780,,储物间,552,成就,建筑
5,781,,马厩,556,成就,建筑
15,782,,马厩,558,成就,建筑
30,783,,马厩,560,成就,建筑
5,784,,市场,562,成就,建筑
15,785,,市场,563,成就,建筑
30,786,,市场,564,成就,建筑
5,787,,银行,565,成就,建筑
15,788,,银行,566,成就,建筑
5,789,,信用社,567,成就,建筑
15,790,,信用社,568,成就,建筑
5,791,,寺庙,569,成就,建筑
15,792,,寺庙,570,成就,建筑
5,793,,秘密会议,571,成就,建筑
15,794,,秘密会议,572,成就,建筑
5,795,,魔法环,573,成就,建筑
15,796,,魔法环,574,成就,建筑
5,797,,献祭圣坛,575,成就,建筑
15,798,,献祭圣坛,577,成就,建筑
5,799,,精神花园,579,成就,建筑
15,800,,精神花园,581,成就,建筑
5,801,,好运之森,583,成就,建筑
15,802,,好运之森,584,成就,建筑
5,803,,物质转化器,585,成就,建筑
15,804,,物质转化器,590,成就,建筑
5,805,,封地,595,成就,建筑
15,806,,封地,598,成就,建筑
5,807,,铸造厂,601,成就,建筑
15,808,,铸造厂,604,成就,建筑
5,809,,木匠工坊,607,成就,建筑
15,810,,木匠工坊,608,成就,建筑
5,811,,食品杂货店,609,成就,建筑
15,812,,食品杂货店,610,成就,建筑
5,813,,钢铁厂,611,成就,建筑
15,814,,钢铁厂,612,成就,建筑
5,815,,大学,613,成就,建筑
15,816,,大学,614,成就,建筑
5,817,,炼金实验室,615,成就,建筑
15,818,,炼金实验室,620,成就,建筑
5,819,,大型库房,625,成就,建筑
15,820,,大型库房,630,成就,建筑
5,821,,存储设施,635,成就,建筑
15,822,,存储设施,640,成就,建筑
5,823,,有人值守仓库,645,成就,建筑
15,824,,有人值守仓库,650,成就,建筑
5,825,,大型仓库,655,成就,建筑
15,826,,大型仓库,660,成就,建筑
5,827,,钠红石仓库,665,成就,建筑
15,828,,钠红石仓库,666,成就,建筑
5,829,,军事学院,667,成就,建筑
15,830,,军事学院,668,成就,建筑
5,831,,军官训练场,669,成就,建筑
5,832,,兵营,670,成就,建筑
15,833,,兵营,671,成就,建筑
30,834,,兵营,672,成就,建筑
5,835,,新兵训练中心,673,成就,建筑
5,836,,战壕,674,成就,建筑
15,837,,战壕,675,成就,建筑
25,838,,战壕,676,成就,建筑
5,839,,光之信标,677,成就,建筑
10,840,,光之信标,680,成就,建筑
15,841,,光之信标,683,成就,建筑
5,842,,地下房屋,686,成就,建筑
10,843,,地下房屋,688,成就,建筑
15,844,,地下房屋,690,成就,建筑
5,845,,集结区域,692,成就,建筑
10,846,,集结区域,694,成就,建筑
15,847,,集结区域,696,成就,建筑
5,848,,采矿区,698,成就,建筑
10,849,,采矿区,700,成就,建筑
15,850,,采矿区,702,成就,建筑
5,851,,辉烬精炼厂,704,成就,建筑
10,852,,辉烬精炼厂,705,成就,建筑
15,853,,辉烬精炼厂,706,成就,建筑
5,854,,奥术学校,707,成就,建筑
10,855,,奥术学校,708,成就,建筑
15,856,,奥术学校,709,成就,建筑
5,857,,深渊前哨,710,成就,建筑
10,858,,深渊前哨,711,成就,建筑
15,859,,深渊前哨,712,成就,建筑
5,860,,光明炮塔,713,成就,建筑
10,861,,光明炮塔,714,成就,建筑
15,862,,光明炮塔,715,成就,建筑
5,863,,探测系统,716,成就,建筑
10,864,,探测系统,717,成就,建筑
12,865,,探测系统,719,成就,建筑
5,866,,佣兵营地,721,成就,建筑
10,867,,佣兵营地,724,成就,建筑
15,868,,佣兵营地,727,成就,建筑
5,869,,强化兵营,730,成就,建筑
10,870,,强化兵营,733,成就,建筑
15,871,,强化兵营,736,成就,建筑
5,872,,法力电池,739,成就,建筑
10,873,,法力电池,740,成就,建筑
15,874,,法力电池,741,成就,建筑
5,875,,地下储物间,742,成就,建筑
10,876,,地下储物间,747,成就,建筑
15,877,,地下储物间,752,成就,建筑
5,878,,精灵城镇,757,成就,建筑
10,879,,精灵城镇,761,成就,建筑
15,880,,精灵城镇,765,成就,建筑
5,881,,钢厂,769,成就,建筑
10,882,,钢厂,770,成就,建筑
15,883,,钢厂,771,成就,建筑
5,884,,水晶培育场,772,成就,建筑
10,885,,水晶培育场,773,成就,建筑
15,886,,水晶培育场,774,成就,建筑
5,887,,辉烬工厂,775,成就,建筑
10,888,,辉烬工厂,776,成就,建筑
15,889,,辉烬工厂,777,成就,建筑
5,890,,粗放耕作场,778,成就,建筑
10,891,,粗放耕作场,779,成就,建筑
15,892,,粗放耕作场,780,成就,建筑
5,893,,金融中心,781,成就,建筑
10,894,,金融中心,782,成就,建筑
15,895,,金融中心,783,成就,建筑
5,896,,法力制造器,784,成就,建筑
10,897,,法力制造器,785,成就,建筑
15,898,,法力制造器,786,成就,建筑
5,899,,发射井,787,成就,建筑
10,900,,发射井,789,成就,建筑
15,901,,发射井,791,成就,建筑
,902,,,2,传承,购买条件和花费
2,903,,传承,4,传承,资源
2,904,,传承,6,传承,资源
2,905,,传承,8,传承,资源
2,906,,传承,9,传承,资源
2,907,,传承,11,传承,资源
2,908,,传承,13,传承,资源
2,909,,传承,17,传承,资源
3,910,,传承,19,传承,资源
3,911,,传承,20,传承,资源
3,912,,传承,23,传承,资源
3,913,,传承,26,传承,资源
3,914,,传承,29,传承,资源
3,915,,传承,32,传承,资源
4,916,,传承,34,传承,资源
4,917,,传承,35,传承,资源
4,918,,传承,36,传承,资源
4,919,,传承,38,传承,资源
4,920,,传承,39,传承,资源
1,920,,自然的赠礼,40,传承,传承
4,921,,传承,42,传承,资源
1,921,,资源上限,43,传承,传承
4,922,,传承,49,传承,资源
1,922,,侍奉神明,50,传承,传承
4,923,,传承,51,传承,资源
4,924,,传承,52,传承,资源
4,925,,传承,53,传承,资源
4,926,,传承,55,传承,资源
5,927,,传承,56,传承,资源
1,927,,强化斧头,57,传承,传承
5,928,,传承,58,传承,资源
1,928,,灌溉技术,59,传承,传承
5,929,,传承,60,传承,资源
1,929,,著名石匠,61,传承,传承
5,930,,传承,62,传承,资源
1,930,,远古宝库,63,传承,传承
5,931,,传承,64,传承,资源
1,931,,登攀者世界图书馆,65,传承,传承
5,932,,传承,66,传承,资源
5,933,,传承,67,传承,资源
1,933,,库存资源,68,传承,传承
6,934,,传承,71,传承,资源
6,935,,传承,75,传承,资源
1,935,,武器强化,76,传承,传承
6,936,,传承,79,传承,资源
1,936,,资源上限 II,80,传承,传承
6,937,,传承,86,传承,资源
6,938,,传承,87,传承,资源
1,938,,店主和饲育员,88,传承,传承
6,939,,传承,90,传承,资源
1,939,,强壮的工人,91,传承,传承
7,940,,传承,93,传承,资源
1,940,,代币,94,传承,资源
7,941,,传承,95,传承,资源
1,941,,强化镐子,96,传承,传承
7,942,,传承,97,传承,资源
7,943,,传承,98,传承,资源
1,943,,纪念碑,99,传承,传承
7,944,,传承,100,传承,资源
1,944,,马蹄铁传家宝,101,传承,传承
7,945,,传承,102,传承,资源
1,945,,纪念品传家宝,103,传承,传承
7,946,,传承,104,传承,资源
1,946,,智慧卷轴,105,传承,资源
1,946,,契约传家宝,106,传承,传承
7,947,,传承,107,传承,资源
1,947,,遗物,108,传承,资源
1,947,,智慧传家宝,109,传承,传承
7,948,,传承,110,传承,资源
1,948,,代币,111,传承,资源
1,948,,死亡传家宝,112,传承,传承
7,949,,传承,113,传承,资源
7,950,,传承,114,传承,资源
1,950,,尖刺与陷坑,115,传承,传承
7,951,,传承,116,传承,资源
1,951,,强化信念,117,传承,传承
8,952,,传承,118,传承,资源
1,952,,远古宝库 II,119,传承,传承
8,953,,传承,120,传承,资源
1,953,,魅力,121,传承,传承
8,954,,传承,122,传承,资源
8,955,,传承,123,传承,资源
1,955,,代币,124,传承,资源
8,956,,传承,125,传承,资源
8,957,,传承,126,传承,资源
8,958,,传承,127,传承,资源
8,959,,传承,128,传承,资源
1,959,,资源上限 III,129,传承,传承
8,960,,传承,138,传承,资源
1,960,,侍奉神明 II,139,传承,传承
8,961,,传承,140,传承,资源
1,961,,代币,141,传承,资源
9,962,,传承,142,传承,资源
1,962,,加里亚德团长,143,传承,传承
9,963,,传承,144,传承,资源
1,963,,聚宝盆,145,传承,传承
9,964,,传承,146,传承,资源
1,964,,智慧卷轴,147,传承,资源
9,965,,传承,150,传承,资源
1,965,,增员,151,传承,传承
9,966,,传承,152,传承,资源
1,966,,代币,153,传承,资源
9,967,,传承,155,传承,资源
1,967,,武器强化 II,156,传承,传承
9,968,,传承,159,传承,资源
1,968,,著名石匠 II,160,传承,传承
9,969,,传承,161,传承,资源
1,969,,强化斧头 II,162,传承,传承
10,970,,传承,163,传承,资源
1,970,,众志成军‌,164,传承,传承
10,971,,传承,165,传承,资源
1,971,,聪明的村民,166,传承,传承
10,972,,传承,167,传承,资源
1,973,,持盾卫士,168,传承,传承
10,973,,传承,169,传承,资源
10,974,,传承,170,传承,资源
1,974,,资源上限 IV,171,传承,传承
10,975,,传承,181,传承,资源
1,975,,店主和饲育员 II,182,传承,传承
11,976,,传承,184,传承,资源
1,976,,强化斧头 II,185,传承,传承
11,977,,传承,186,传承,资源
1,977,,灌溉技术 II,187,传承,传承
11,978,,传承,188,传承,资源
1,978,,著名石匠 II,189,传承,传承
12,979,,传承,190,传承,资源
1,979,,强化镐子 II,191,传承,传承
12,980,,传承,192,传承,资源
1,980,,代币,193,传承,资源
1,980,,佣兵合约,194,传承,传承
12,981,,传承,195,传承,资源
1,981,,代币,196,传承,资源
12,982,,传承,197,传承,资源
1,982,,资源上限 V,198,传承,传承
14,983,,传承,208,传承,资源
1,983,,远古宝库 III,209,传承,传承
14,984,,传承,210,传承,资源
1,984,,工匠,211,传承,传承
14,985,,传承,214,传承,资源
1,985,,增员 II,215,传承,传承
14,986,,传承,216,传承,资源
1,986,,资源上限 VI,217,传承,传承
14,987,,传承,227,传承,资源
1,987,,遗物,228,传承,资源
1,987,,尖刺与陷坑 II,229,传承,传承
14,988,,传承,230,传承,资源
1,988,,强化信念 II,231,传承,传承
15,989,,传承,232,传承,资源
1,989,,智慧卷轴,233,传承,资源
15,990,,传承,234,传承,资源
1,990,,众志成军‌ II,235,传承,传承
15,991,,传承,236,传承,资源
1,991,,智慧卷轴,237,传承,资源
1,991,,乐土,238,传承,传承
15,992,,传承,240,传承,资源
1,992,,遗物,241,传承,资源
15,993,,传承,242,传承,资源
1,993,,代币,243,传承,资源
1,993,,佣兵合约 II,244,传承,传承
15,994,,传承,245,传承,资源
1,994,,武器强化 III,246,传承,传承
16,995,,传承,249,传承,资源
16,996,,传承,250,传承,资源
1,996,,聚宝盆 II,251,传承,传承
16,997,,传承,252,传承,资源
1,997,,遗物,253,传承,资源
16,998,,传承,254,传承,资源
1,998,,智慧卷轴,255,传承,资源
16,999,,传承,256,传承,资源
1,999,,智慧卷轴,257,传承,资源
16,1000,,传承,258,传承,资源
1,1000,,遗物,259,传承,资源
16,1001,,传承,260,传承,资源
1,1001,,资源上限 VII,261,传承,传承
16,1002,,传承,271,传承,资源
1,1002,,侍奉神明 III,272,传承,传承
18,1003,,传承,273,传承,资源
1,1003,,聪明的村民 II,274,传承,传承
18,1004,,传承,275,传承,资源
2,1004,,代币,276,传承,资源
1,1004,,宝石,277,传承,资源
1,1004,,白色连队,278,传承,传承
19,1005,,传承,279,传承,资源
1,1005,,强化斧头 III,280,传承,传承
19,1006,,传承,281,传承,资源
1,1006,,灌溉技术 III,282,传承,传承
19,1007,,传承,283,传承,资源
1,1007,,著名石匠 III,284,传承,传承
19,1008,,传承,285,传承,资源
1,1008,,强化镐子 III,286,传承,传承
20,1009,,传承,287,传承,资源
1,1009,,宝石,288,传承,资源
20,1010,,传承,289,传承,资源
1,1010,,宝石,290,传承,资源
20,1011,,传承,291,传承,资源
1,1011,,宝石,292,传承,资源
20,1012,,传承,293,传承,资源
1,1012,,武器强化 IV,294,传承,传承
21,1013,,传承,298,传承,资源
1,1013,,工匠 II,299,传承,传承
25,1014,,传承,302,传承,资源
1,1014,,众志成军‌ III,303,传承,传承
25,1015,,传承,304,传承,资源
1,1015,,宝石,305,传承,资源
1,1015,,战争部,306,传承,传承
28,1016,,传承,308,传承,资源
1,1016,,增员 III,309,传承,传承
28,1017,,传承,310,传承,资源
1,1017,,遗物,311,传承,资源
1,1017,,尖刺与陷坑 III,312,传承,传承
28,1018,,传承,313,传承,资源
1,1018,,强化信念 III,314,传承,传承
30,1019,,传承,315,传承,资源
2,1019,,遗物,316,传承,资源
1,1019,,宝石,317,传承,资源
1,1019,,主宰,318,传承,传承
30,1020,,传承,319,传承,资源
1,1020,,工匠 III,320,传承,传承
30,1021,,传承,321,传承,资源
1,1021,,智慧卷轴,322,传承,资源
1,1021,,乐土 II,323,传承,传承
30,1022,,传承,325,传承,资源
2,1022,,智慧卷轴,326,传承,资源
1,1022,,宝石,327,传承,资源
1,1022,,战斗天使,328,传承,传承
32,1023,,传承,329,传承,资源
32,1024,,传承,330,传承,资源
1,1024,,聚宝盆 III,331,传承,传承
32,1025,,传承,332,传承,资源
1,1025,,侍奉神明 IV,333,传承,传承
45,1026,,传承,334,传承,资源
1,1026,,宝石,335,传承,资源
1,1026,,武器强化 V,336,传承,传承
50,1027,,传承,338,传承,资源
1,1027,,众志成军‌ IV,339,传承,传承
50,1028,,传承,340,传承,资源
1,1028,,工匠 IV,341,传承,传承
50,1029,,传承,342,传承,资源
1,1029,,宝石,343,传承,资源
1,1029,,训练定居点的军队,344,传承,传承
56,1030,,传承,346,传承,资源
1,1030,,遗物,347,传承,资源
1,1030,,尖刺与陷坑 IV,348,传承,传承
56,1031,,传承,349,传承,资源
1,1031,,强化信念 IV,350,传承,传承
60,1032,,传承,351,传承,资源
1,1032,,泰坦之礼物,352,传承,资源
60,1033,,传承,353,传承,资源
1,1033,,泰坦之礼物,354,传承,资源
60,1034,,传承,355,传承,资源
1,1034,,泰坦之礼物,356,传承,资源
64,1035,,传承,360,传承,资源
1,1035,,聚宝盆 IV,361,传承,传承
80,1036,,传承,362,传承,资源
1,1036,,宝石,363,传承,资源
1,1036,,武器强化 VI,364,传承,传承
36,1037,,传承,366,传承,资源
3,1037,,光明,367,传承,资源
1,1037,,聪明的村民 III,368,传承,传承
120,1038,,传承,369,传承,资源
12,1038,,光明,370,传承,资源
1,1038,,武器强化 VII,371,传承,传承
90,1039,,传承,373,传承,资源
2,1039,,遗物,374,传承,资源
8,1039,,光明,375,传承,资源
1,1039,,尖刺与陷坑 V,376,传承,传承
75,1040,,传承,377,传承,资源
8,1040,,光明,378,传承,资源
1,1040,,工匠 V,379,传承,传承
90,1041,,传承,380,传承,资源
8,1041,,光明,381,传承,资源
1,1041,,众志成军‌ V,382,传承,传承
38,1042,,传承,383,传承,资源
4,1042,,光明,384,传承,资源
1,1042,,强化斧头 IV,385,传承,传承
38,1043,,传承,386,传承,资源
4,1043,,光明,387,传承,资源
1,1043,,灌溉技术 IV,388,传承,传承
38,1044,,传承,389,传承,资源
4,1044,,光明,390,传承,资源
1,1044,,著名石匠 IV,391,传承,传承
38,1045,,传承,392,传承,资源
4,1045,,光明,393,传承,资源
1,1045,,强化镐子 IV,394,传承,传承
60,1046,,传承,395,传承,资源
6,1046,,光明,396,传承,资源
1,1046,,强化斧头 V,397,传承,传承
60,1047,,传承,398,传承,资源
6,1047,,光明,399,传承,资源
1,1047,,灌溉技术 V,400,传承,传承
38,1048,,传承,401,传承,资源
4,1048,,光明,402,传承,资源
1,1048,,著名石匠 V,403,传承,传承
50,1049,,传承,404,传承,资源
6,1049,,光明,405,传承,资源
1,1049,,强化镐子 V,406,传承,传承
56,1050,,传承,407,传承,资源
8,1050,,光明,408,传承,资源
1,1050,,增员 IV,409,传承,传承
60,1051,,传承,410,传承,资源
2,1051,,智慧卷轴,411,传承,资源
8,1051,,光明,412,传承,资源
1,1051,,乐土 III,413,传承,传承
70,1052,,传承,417,传承,资源
2,1052,,宝石,418,传承,资源
1,1052,,命运侍僧,419,传承,传承
90,1053,,传承,420,传承,资源
2,1053,,宝石,421,传承,资源
8,1053,,光明,422,传承,资源
1,1053,,训练定居点的军队 II,423,传承,传承
100,1054,,传承,424,传承,资源
112,1055,,传承,425,传承,资源
6,1055,,光明,426,传承,资源
1,1055,,强化信念V,427,传承,传承
120,1056,,传承,428,传承,资源
6,1056,,光明,429,传承,资源
1,1056,,聚宝盆 V,430,传承,传承
120,1057,,传承,431,传承,资源
3,1057,,智慧卷轴,432,传承,资源
16,1057,,光明,433,传承,资源
1,1057,,乐土 IV,434,传承,传承
200,1058,,传承,438,传承,资源
16,1058,,光明,439,传承,资源
1,1058,,武器强化 VIII,440,传承,传承
150,1059,,传承,443,传承,资源
1,1059,,光明之环,444,传承,传承
140,1060,,传承,445,传承,资源
12,1060,,光明,446,传承,资源
1,1060,,众志成军‌ VI,447,传承,传承
200,1061,,传承,448,传承,资源
16,1061,,光明,449,传承,资源
1,1061,,众志成军‌ VII,450,传承,传承
200,1062,,传承,451,传承,资源
1,1062,,光明之环 II,452,传承,传承
200,1063,,传承,453,传承,资源
8,1063,,光明,454,传承,资源
1,1063,,聚宝盆 VI,455,传承,传承
250,1064,,传承,456,传承,资源
1,1064,,光明之环 III,457,传承,传承
350,1065,,传承,458,传承,资源
22,1065,,光明,459,传承,资源
1,1065,,众志成军‌ VIII,460,传承,传承
5,1066,,幸运树林,4,研究,建筑
10,1067,,幸运树林,6,研究,建筑
15,1068,,幸运树林,10,研究,建筑
5,1069,,幸运之井,11,研究,建筑
10,1070,,幸运之井,12,研究,建筑
15,1071,,幸运之井,19,研究,建筑
5,1072,,灵感大厅,21,研究,建筑
10,1073,,灵感大厅,23,研究,建筑
15,1074,,灵感大厅,25,研究,建筑
5,1075,,娱乐区域,27,研究,建筑
10,1076,,娱乐区域,29,研究,建筑
15,1077,,娱乐区域,33,研究,建筑
5,1078,,地下隧道,34,研究,建筑
10,1079,,地下隧道,36,研究,建筑
15,1080,,地下隧道,39,研究,建筑
5,1081,,命运神殿,44,研究,建筑
10,1082,,命运神殿,48,研究,建筑
15,1083,,命运神殿,52,研究,建筑
5,1084,,佣兵营地,53,研究,建筑
10,1085,,佣兵营地,57,研究,建筑
15,1086,,佣兵营地,59,研究,建筑
5,1088,,研究点,65,研究,资源
1,1088,,住房,66,研究,研究
1,1088,,纪念碑,67,研究,传承
10,1089,,研究点,68,研究,资源
1,1089,,纪念碑,69,研究,建筑
10,1090,,研究点,72,研究,资源
1,1090,,纪念碑,73,研究,建筑
1,1090,,马蹄铁传家宝,74,研究,传承
10,1091,,研究点,76,研究,资源
1,1091,,纪念碑,77,研究,建筑
1,1091,,纪念品传家宝,78,研究,传承
10,1092,,研究点,81,研究,资源
1,1092,,纪念碑,82,研究,建筑
1,1092,,契约传家宝,83,研究,传承
10,1093,,研究点,85,研究,资源
1,1093,,纪念碑,86,研究,建筑
1,1093,,智慧传家宝,87,研究,传承
10,1094,,研究点,89,研究,资源
1,1094,,纪念碑,90,研究,建筑
1,1094,,死亡传家宝,91,研究,传承
10,1095,,研究点,93,研究,资源
1,1095,,纪念碑,94,研究,建筑
1,1095,,财富传家宝,95,研究,传承
10,1096,,研究点,97,研究,资源
1,1096,,住房,98,研究,研究
20,1097,,研究点,99,研究,资源
1,1097,,住房,100,研究,研究
20,1098,,研究点,101,研究,资源
1,1098,,住房,102,研究,研究
100,1099,,研究点,103,研究,资源
5,1099,,农场,104,研究,建筑
150,1100,,研究点,105,研究,资源
1,1100,,轮作,106,研究,研究
1,1100,,粮食储存,107,研究,传承
150,1101,,研究点,108,研究,资源
1,1101,,琢石,109,研究,研究
150,1102,,研究点,110,研究,资源
20,1102,,工具,111,研究,资源
5,1102,,伐木工营地,112,研究,建筑
170,1103,,研究点,113,研究,资源
1,1103,,木雕师,114,研究,研究
1,1103,,木工,115,研究,传承
175,1104,,研究点,116,研究,资源
25,1104,,工具,117,研究,资源
5,1104,,采石场,118,研究,建筑
175,1105,,研究点,119,研究,资源
1,1105,,石头提取工具,120,研究,研究
1,1105,,石匠坊,121,研究,传承
200,1106,,研究点,122,研究,资源
150,1106,,木材,123,研究,资源
1,1106,,砍伐木材,124,研究,研究
250,1107,,研究点,125,研究,资源
3,1107,,采石场,126,研究,建筑
250,1108,,研究点,127,研究,资源
1,1108,,采矿,128,研究,研究
1,1108,,超转生,129,研究,统计
250,1109,,研究点,130,研究,资源
1,1109,,采矿,131,研究,研究
1,1109,,泰坦的建筑,132,研究,传承
250,1110,,研究点,133,研究,资源
50,1110,,工具,134,研究,资源
5,1110,,矿井,135,研究,建筑
300,1111,,研究点,136,研究,资源
1,1111,,农业,137,研究,研究
350,1112,,研究点,138,研究,资源
5,1112,,工匠作坊,139,研究,建筑
500,1113,,研究点,140,研究,资源
1,1113,,陶器,141,研究,研究
600,1114,,研究点,142,研究,资源
300,1114,,铜,143,研究,资源
1,1114,,采矿,144,研究,研究
500,1115,,铜,145,研究,资源
1,1115,,青铜加工,146,研究,研究
500,1116,,木材,147,研究,资源
500,1116,,铜,148,研究,资源
1,1116,,青铜加工,149,研究,研究
750,1117,,铜,150,研究,资源
1,1117,,青铜加工,151,研究,研究
600,1118,,铜,156,研究,资源
1,1118,,青铜加工,157,研究,研究
650,1119,,研究点,158,研究,资源
1,1119,,青铜加工,159,研究,研究
1,1119,,远古炎魔,160,研究,传承
700,1120,,研究点,161,研究,资源
400,1120,,黄金,162,研究,资源
250,1120,,铜,163,研究,资源
1,1120,,青铜加工,164,研究,研究
1,1120,,招募民兵,165,研究,传承
500,1121,,信念,166,研究,资源
1,1121,,宗教,167,研究,研究
750,1122,,信念,168,研究,资源
1,1122,,宗教,169,研究,研究
1250,1123,,信念,170,研究,资源
1,1123,,魔法,171,研究,研究
1,1123,,超转生,172,研究,统计
720,1124,,研究点,173,研究,资源
500,1124,,食物,174,研究,资源
1,1124,,魔法,175,研究,研究
1,1124,,泽尼克斯的使魔,176,研究,传承
750,1125,,研究点,177,研究,资源
1,1125,,写作,178,研究,研究
8,1125,,普通房屋,179,研究,建筑
800,1126,,研究点,180,研究,资源
5,1126,,农场,181,研究,建筑
1,1126,,存储,182,研究,研究
1000,1127,,研究点,183,研究,资源
1,1127,,铭记古人,184,研究,研究
1,1127,,远古保险库,185,研究,传承
1,1127,,转生,186,研究,统计
1000,1128,,研究点,187,研究,资源
1000,1128,,木材,188,研究,资源
1000,1128,,石头,189,研究,资源
1,1128,,青铜加工,190,研究,研究
1000,1129,,研究点,191,研究,资源
1,1129,,防御工事,192,研究,研究
1,1129,,泰坦之墙,193,研究,传承
1000,1130,,研究点,194,研究,资源
1,1130,,神话学,195,研究,研究
1,1130,,登攀者世界图书馆,196,研究,传承
1,1130,,转生,197,研究,统计
1250,1131,,黄金,198,研究,资源
1,1131,,青铜加工,199,研究,研究
2500,1132,,研究点,203,研究,资源
1,1132,,写作,204,研究,研究
2500,1133,,研究点,208,研究,资源
15,1133,,普通房屋,209,研究,建筑
2500,1134,,黄金,210,研究,资源
1,1134,,铁加工,211,研究,研究
2500,1135,,研究点,212,研究,资源
1,1135,,战争,213,研究,研究
2,1135,,超转生,214,研究,统计
3000,1136,,研究点,215,研究,资源
1,1136,,方阵步兵,216,研究,研究
2,1136,,超转生,217,研究,统计
4000,1137,,黄金,218,研究,资源
1,1137,,战争,219,研究,研究
1,1137,,代币佣兵,220,研究,传承
3000,1138,,研究点,221,研究,资源
1500,1138,,黄金,222,研究,资源
1,1138,,数学,223,研究,研究
3000,1139,,研究点,224,研究,资源
1000,1139,,黄金,225,研究,资源
1,1139,,野蛮人营地,226,研究,击杀敌人
3500,1140,,研究点,227,研究,资源
1500,1140,,黄金,228,研究,资源
1,1140,,写作,229,研究,研究
3500,1141,,研究点,230,研究,资源
7,1141,,工匠作坊,231,研究,建筑
500,1141,,工具,232,研究,资源
3500,1142,,研究点,233,研究,资源
800,1142,,信念,234,研究,资源
1,1142,,魔法,235,研究,研究
1,1142,,修道会,236,研究,传承
4000,1143,,研究点,237,研究,资源
2500,1143,,黄金,238,研究,资源
1,1143,,货币,239,研究,研究
1,1143,,区域市场,240,研究,传承
4500,1144,,研究点,241,研究,资源
1,1144,,幸运女神,242,研究,祈祷
5000,1145,,研究点,243,研究,资源
15,1145,,农场,244,研究,建筑
5000,1146,,研究点,245,研究,资源
1000,1146,,工具,246,研究,资源
15,1146,,采石场,247,研究,建筑
5000,1147,,研究点,248,研究,资源
1000,1147,,工具,249,研究,资源
15,1147,,伐木工营地,250,研究,建筑
5000,1148,,研究点,251,研究,资源
600,1148,,铁,252,研究,资源
1,1148,,青铜加工,253,研究,研究
2500,1149,,铁,254,研究,资源
1,1149,,铁加工,255,研究,研究
5000,1150,,木材,257,研究,资源
4000,1150,,铁,258,研究,资源
1,1150,,铁加工,259,研究,研究
7500,1151,,铁,261,研究,资源
1,1151,,铁加工,262,研究,研究
6500,1152,,铁,273,研究,资源
1,1152,,铁加工,274,研究,研究
5000,1153,,研究点,275,研究,资源
1,1153,,铁加工,276,研究,研究
1,1153,,战斗天使,277,研究,传承
5000,1154,,研究点,278,研究,资源
1,1154,,神圣之怒,279,研究,研究
1,1154,,炽天使,280,研究,传承
5000,1155,,黄金,281,研究,资源
1,1155,,封建时代,282,研究,研究
7000,1156,,黄金,283,研究,资源
1,1156,,佣兵团,284,研究,研究
1,1156,,白色连队,285,研究,传承
10000,1157,,黄金,286,研究,资源
1,1157,,加里亚德佣兵营地,287,研究,击杀敌人
10000,1158,,黄金,289,研究,资源
1,1158,,加里亚德团长加入,290,研究,研究
1,1158,,加里亚德团长,291,研究,传承
9000,1159,,黄金,292,研究,资源
1,1159,,加里亚德团长,293,研究,研究
1,1159,,加里亚德团长的故事,294,研究,传承
11000,1160,,黄金,295,研究,资源
1,1160,,旧前哨,296,研究,击杀敌人
9000,1161,,研究点,297,研究,资源
1,1161,,佣兵前哨,298,研究,研究
10000,1162,,研究点,299,研究,资源
3000,1162,,信念,300,研究,资源
1,1162,,加里亚德的遗忘避难所,301,研究,击杀敌人
11000,1163,,研究点,302,研究,资源
1,1163,,古老传说之书,303,研究,研究
12000,1164,,研究点,304,研究,资源
5000,1164,,信念,305,研究,资源
1,1164,,远古巨人,306,研究,击杀敌人
5500,1165,,研究点,307,研究,资源
15,1165,,普通房屋,308,研究,建筑
5,1165,,工匠作坊,309,研究,建筑
1,1165,,铁加工,310,研究,研究
1,1165,,宗教,311,研究,研究
6000,1166,,研究点,312,研究,资源
5000,1166,,食物,313,研究,cap
6000,1167,,研究点,314,研究,资源
2000,1167,,黄金,315,研究,资源
1,1167,,野蛮人村庄,316,研究,击杀敌人
6000,1168,,研究点,317,研究,资源
1,1168,,强盗营地,318,研究,击杀敌人
7000,1169,,研究点,319,研究,资源
1,1169,,逃兵巢穴,320,研究,击杀敌人
7500,1170,,研究点,321,研究,资源
1,1170,,市中心,322,研究,建筑
7500,1171,,研究点,323,研究,资源
1,1171,,佣兵团,324,研究,研究
7500,1172,,研究点,325,研究,资源
13,1172,,工匠作坊,326,研究,建筑
1000,1172,,工具,327,研究,资源
8000,1173,,研究点,328,研究,资源
1500,1173,,木材,329,研究,资源
1000,1173,,石头,330,研究,资源
1,1173,,封建时代,331,研究,研究
10000,1174,,研究点,332,研究,资源
2000,1174,,黄金,333,研究,资源
1000,1174,,木材,334,研究,资源
1,1174,,封建时代,335,研究,研究
10000,1175,,研究点,336,研究,资源
1,1175,,弩,337,研究,研究
10000,1176,,研究点,338,研究,资源
1,1176,,攻城技术,339,研究,研究
10000,1177,,研究点,340,研究,资源
1,1177,,封建时代,341,研究,研究
25000,1178,,黄金,342,研究,资源
1,1178,,登攀游荡者,343,研究,diplomacy_alliance
1,1178,,夜谷保护国,344,研究,diplomacy_alliance
1,1178,,祖尔坦酋长国,345,研究,diplomacy_alliance
1,1178,,西部王国,346,研究,diplomacy_alliance
10000,1179,,研究点,347,研究,资源
1,1179,,教育学,348,研究,研究
8000,1180,,研究点,349,研究,资源
1,1180,,死灵法师地穴,350,研究,击杀敌人
10000,1181,,研究点,351,研究,资源
1,1181,,教育学,352,研究,研究
10000,1182,,研究点,353,研究,资源
4000,1182,,黄金,354,研究,资源
500,1182,,钢,355,研究,资源
1,1182,,锻钢,356,研究,研究
10000,1183,,研究点,357,研究,资源
1,1183,,城墙,358,研究,建筑
1,1183,,建筑学,359,研究,研究
11500,1184,,研究点,360,研究,资源
1000,1184,,铁,361,研究,资源
1,1184,,封建时代,362,研究,研究
12000,1185,,研究点,363,研究,资源
10000,1185,,黄金,364,研究,资源
1,1185,,建筑学,365,研究,研究
6000,1186,,研究点,366,研究,资源
1,1186,,确定边界,367,研究,研究
12000,1187,,研究点,368,研究,资源
4,1187,,守望者前哨,369,研究,建筑
2000,1188,,黄金,370,研究,资源
1,1188,,月明之夜,371,研究,研究
12000,1189,,研究点,372,研究,资源
8000,1189,,黄金,373,研究,资源
1,1189,,教育学,374,研究,研究
12000,1190,,研究点,375,研究,资源
1500,1190,,铜,376,研究,资源
1000,1190,,铁,377,研究,资源
1,1190,,金属铸造,378,研究,研究
2500,1191,,钢,379,研究,资源
1,1191,,锻钢,380,研究,研究
15000,1192,,木材,382,研究,资源
4000,1192,,钢,383,研究,资源
1,1192,,锻钢,384,研究,研究
12500,1193,,铁,386,研究,资源
7500,1193,,钢,387,研究,资源
1,1193,,锻钢,388,研究,研究
16500,1194,,铁,398,研究,资源
6500,1194,,钢,399,研究,资源
1,1194,,锻钢,400,研究,研究
15000,1195,,研究点,401,研究,资源
1,1195,,教育学,402,研究,研究
17500,1196,,研究点,404,研究,资源
1,1196,,公会,405,研究,研究
1,1196,,工匠公会,406,研究,传承
17500,1197,,研究点,407,研究,资源
2000,1197,,信念,408,研究,资源
1,1197,,公会,409,研究,研究
2000,1198,,信念,410,研究,资源
1000,1198,,法力,411,研究,资源
1,1198,,宗教秩序,412,研究,研究
12000,1199,,研究点,413,研究,资源
15,1199,,工匠作坊,414,研究,建筑
3,1199,,食品杂货店,415,研究,建筑
3,1199,,木匠工坊,416,研究,建筑
11500,1200,,研究点,417,研究,资源
1500,1200,,工具,418,研究,资源
15,1200,,矿井,419,研究,建筑
13000,1201,,研究点,420,研究,资源
1,1201,,板甲,421,研究,研究
13000,1202,,研究点,422,研究,资源
5000,1202,,黄金,423,研究,资源
600,1202,,钢,424,研究,资源
1,1202,,锻钢,425,研究,研究
15000,1203,,研究点,426,研究,资源
5000,1203,,黄金,427,研究,资源
1,1203,,公会,428,研究,研究
1,1203,,银行业,429,研究,研究
3,1203,,市场,430,研究,建筑
15000,1204,,研究点,431,研究,资源
1,1204,,城墙,432,研究,建筑
15000,1205,,研究点,433,研究,资源
1,1205,,食物保存,434,研究,研究
10000,1206,,研究点,435,研究,资源
10000,1206,,黄金,436,研究,资源
100,1206,,水晶,437,研究,资源
1,1206,,银行业,438,研究,研究
1,1206,,骑士精神,439,研究,研究
1,1206,,月明之夜,440,研究,研究
18000,1207,,研究点,441,研究,资源
6000,1207,,信念,442,研究,资源
1,1207,,破旧的地穴,443,研究,击杀敌人
17000,1208,,研究点,444,研究,资源
3,1208,,宅邸,445,研究,建筑
3,1208,,木匠工坊,446,研究,建筑
3,1208,,钢铁厂,447,研究,建筑
3,1208,,大学,448,研究,建筑
3,1208,,食品杂货店,449,研究,建筑
1,1208,,集市与市场,450,研究,研究
1,1208,,骑士精神,451,研究,研究
1,1208,,月明之夜,452,研究,研究
18000,1209,,研究点,453,研究,资源
5000,1209,,信念,454,研究,资源
1,1209,,结束封建时代,455,研究,研究
25000,1210,,研究点,456,研究,资源
7000,1210,,信念,457,研究,资源
1,1210,,灵魂图书馆,458,研究,建筑
27000,1211,,研究点,459,研究,资源
1,1211,,自由思想家学院,460,研究,建筑
28000,1212,,研究点,461,研究,资源
1,1212,,自由思想家学院,462,研究,建筑
28000,1213,,研究点,463,研究,资源
1,1213,,科学理论,464,研究,研究
29000,1214,,研究点,465,研究,资源
1,1214,,化学,466,研究,研究
30000,1215,,研究点,467,研究,资源
1,1215,,科学理论,468,研究,研究
30000,1216,,研究点,469,研究,资源
1,1216,,印刷机,470,研究,研究
30000,1217,,研究点,471,研究,资源
1,1217,,多头蛇之坑,472,研究,击杀敌人
1,1217,,蛇发女妖巢穴,473,研究,击杀敌人
1,1217,,阴暗狼人之森,474,研究,击杀敌人
1,1217,,牛头怪迷宫,475,研究,击杀敌人
30000,1218,,研究点,476,研究,资源
1,1218,,化学,477,研究,研究
31000,1219,,研究点,478,研究,资源
1,1219,,肥料,479,研究,研究
32000,1220,,研究点,480,研究,资源
1,1220,,化学,481,研究,研究
30000,1221,,研究点,482,研究,资源
1,1221,,火药,483,研究,研究
32000,1222,,研究点,484,研究,资源
1,1222,,肥料,485,研究,研究
1,1222,,大存储空间,486,研究,研究
33000,1223,,研究点,487,研究,资源
1,1223,,火药,488,研究,研究
34000,1224,,研究点,489,研究,资源
1,1224,,龙之骨,490,研究,祈祷
4000,1225,,黄金,491,研究,资源
1,1225,,巨龙来袭,492,研究,研究
33000,1226,,研究点,493,研究,资源
8,1226,,银行,494,研究,建筑
35000,1227,,研究点,495,研究,资源
1,1227,,军事科学,496,研究,研究
35000,1228,,研究点,497,研究,资源
1,1228,,夜谷保护国,498,研究,diplomacy_owned
35000,1229,,研究点,499,研究,资源
1,1229,,祖尔坦酋长国,500,研究,diplomacy_owned
45000,1230,,研究点,501,研究,资源
1,1230,,西部王国,502,研究,diplomacy_owned
45000,1231,,黄金,503,研究,资源
7000,1231,,法力,504,研究,资源
1,1231,,阿塔玛的火焰,505,研究,研究
15000,1232,,铜,506,研究,资源
15000,1232,,铁,507,研究,资源
7000,1232,,法力,508,研究,资源
1,1232,,阿塔玛的火焰,509,研究,研究
150000,1233,,黄金,512,研究,资源
1,1233,,力量之路,513,研究,研究
50000,1234,,研究点,514,研究,资源
1,1234,,力量之路,515,研究,研究
10000,1235,,研究点,516,研究,资源
1,1235,,永恒大殿,517,研究,击杀敌人
35000,1236,,研究点,519,研究,资源
1,1236,,印刷机,520,研究,研究
35000,1237,,研究点,521,研究,资源
1,1237,,经济学,522,研究,研究
1,1237,,内政部,523,研究,传承
35000,1238,,研究点,524,研究,资源
1,1238,,经济学,525,研究,研究
1,1238,,战争部,526,研究,传承
35000,1239,,研究点,527,研究,资源
1,1239,,经济学,528,研究,研究
1,1239,,宗教部,529,研究,传承
37000,1240,,研究点,530,研究,资源
2500,1240,,信念,531,研究,资源
1,1240,,印刷机,532,研究,研究
39000,1241,,研究点,533,研究,资源
1,1241,,圣职者军团,534,研究,研究
50000,1242,,研究点,535,研究,资源
1,1242,,魔法艺术教学,536,研究,研究
1,1242,,巨龙来袭,537,研究,研究
35000,1243,,研究点,538,研究,资源
1,1243,,军事学院,539,研究,建筑
70000,1244,,黄金,540,研究,资源
70000,1244,,黄金,541,研究,cap
100000,1245,,黄金,542,研究,资源
1,1245,,证券交易所,543,研究,建筑
150000,1246,,黄金,544,研究,资源
150000,1246,,黄金,545,研究,cap
1,1246,,奉献黄金,546,研究,祈祷
200000,1247,,黄金,547,研究,资源
200000,1247,,黄金,548,研究,cap
1,1247,,抹杀竞争对手,549,研究,研究
1000,1248,,研究点,550,研究,资源
1,1248,,地精巢穴,551,研究,击杀敌人
8000,1249,,研究点,552,研究,资源
1,1249,,研究亡者生物,553,研究,祈祷
9000,1250,,研究点,554,研究,资源
1,1250,,强盗营地,555,研究,击杀敌人
1,1250,,逃兵巢穴,556,研究,击杀敌人
15000,1251,,黄金,557,研究,资源
1,1251,,登攀游荡者,558,研究,diplomacy_alliance
15000,1252,,黄金,559,研究,资源
1,1252,,登攀游荡者,560,研究,diplomacy_owned
9000,1253,,研究点,561,研究,资源
1,1253,,与游荡者的协定,562,研究,研究
9000,1254,,研究点,563,研究,资源
1,1254,,东方侦察任务,564,研究,研究
5000,1255,,研究点,565,研究,资源
1,1255,,奇怪的村庄,566,研究,击杀敌人
7000,1256,,研究点,567,研究,资源
10000,1256,,黄金,568,研究,资源
1,1256,,狗头人隧道,569,研究,击杀敌人
15000,1257,,研究点,570,研究,资源
15000,1257,,黄金,571,研究,资源
1,1257,,狗头人之城,572,研究,击杀敌人
40000,1258,,研究点,573,研究,资源
15,1258,,矿井,574,研究,建筑
5,1258,,法力之柱,575,研究,建筑
50000,1259,,研究点,576,研究,资源
10000,1259,,黄金,577,研究,资源
1,1259,,吸血鬼地穴,578,研究,击杀敌人
56000,1260,,研究点,579,研究,资源
1,1260,,法力深井,580,研究,建筑
56000,1261,,研究点,581,研究,资源
1,1261,,法力引擎,582,研究,研究
57000,1262,,研究点,583,研究,资源
1,1262,,长途探险,584,研究,研究
57000,1263,,研究点,585,研究,资源
1,1263,,法力引擎,586,研究,研究
57000,1264,,研究点,587,研究,资源
1,1264,,机械化,588,研究,研究
59000,1265,,研究点,589,研究,资源
1,1265,,机械化,590,研究,研究
59000,1266,,研究点,591,研究,资源
1,1266,,机械化,592,研究,研究
10000,1267,,钢,593,研究,资源
5000,1267,,水晶,594,研究,资源
5000,1267,,硝石,595,研究,资源
1,1267,,研究区,596,研究,研究
25000,1268,,木材,597,研究,资源
10000,1268,,钢,598,研究,资源
5000,1268,,水晶,599,研究,资源
5000,1268,,硝石,600,研究,资源
1,1268,,研究区,601,研究,研究
15000,1269,,钢,602,研究,资源
7500,1269,,水晶,603,研究,资源
7500,1269,,硝石,604,研究,资源
1,1269,,研究区,605,研究,研究
12000,1270,,钢,614,研究,资源
5500,1270,,水晶,615,研究,资源
5500,1270,,硝石,616,研究,资源
1,1270,,研究区,617,研究,研究
60000,1271,,研究点,618,研究,资源
1,1271,,登攀者世界的海岸,619,研究,研究
62000,1272,,研究点,620,研究,资源
1,1272,,研究区,621,研究,研究
66000,1273,,研究点,622,研究,资源
1,1273,,金融市场,623,研究,研究
69000,1274,,研究点,624,研究,资源
1,1274,,研究区,625,研究,研究
73000,1275,,研究点,627,研究,资源
1,1275,,研究区,628,研究,研究
76000,1276,,研究点,629,研究,资源
1,1276,,钠红之城,630,研究,研究
79000,1277,,研究点,631,研究,资源
1,1277,,机械化,632,研究,研究
82000,1278,,研究点,633,研究,资源
1,1278,,燧发枪,634,研究,研究
85000,1279,,研究点,635,研究,资源
1,1279,,军事战术,636,研究,研究
85000,1280,,研究点,637,研究,资源
1,1280,,军事战术,638,研究,研究
85000,1281,,研究点,639,研究,资源
1,1281,,野战炮,640,研究,研究
90000,1282,,研究点,641,研究,资源
1,1282,,生态学,642,研究,研究
13000,1283,,信念,643,研究,资源
1,1283,,与自然沟通,644,研究,研究
95000,1284,,研究点,645,研究,资源
1,1284,,放逐德鲁伊,646,研究,祈祷
98000,1285,,研究点,647,研究,资源
1,1285,,孤独的德鲁伊,648,研究,祈祷
98000,1286,,研究点,649,研究,资源
1,1286,,城市祝福,650,研究,祈祷
108000,1287,,研究点,651,研究,资源
1,1287,,城市的奇迹,652,研究,研究
108000,1288,,研究点,653,研究,资源
1,1288,,准备作战,654,研究,研究
8000,1289,,黄金,655,研究,资源
1,1289,,神秘劫案,656,研究,研究
8000,1290,,黄金,657,研究,资源
1,1290,,堕天使出现,658,研究,研究
1,1291,,欢乐的国度,659,研究,研究
1,1292,,欢乐的国度,660,研究,研究
115000,1293,,研究点,661,研究,资源
1,1293,,海湾区,662,研究,建筑
1,1293,,end_4,663,研究,研究
115000,1294,,研究点,664,研究,资源
1,1294,,远西岛,665,研究,击杀敌人
121000,1295,,研究点,666,研究,资源
190000,1295,,黄金,667,研究,资源
14000,1295,,食物,668,研究,资源
14000,1295,,补给,669,研究,资源
12000,1295,,钠红石,670,研究,资源
1,1295,,岛屿前哨,671,研究,建筑
1,1296,,定居点大厅,672,研究,建筑
1,1297,,定居点大厅,674,研究,建筑
1,1298,,定居点大厅,676,研究,建筑
120000,1299,,研究点,678,研究,资源
1,1299,,定居点大厅,679,研究,建筑
1,1299,,生产中心,680,研究,研究
121000,1300,,研究点,681,研究,资源
1,1300,,定居点大厅,682,研究,建筑
1,1300,,生产中心,683,研究,研究
125000,1301,,研究点,684,研究,资源
50000,1301,,黄金,685,研究,资源
2,1301,,定居点大厅,686,研究,建筑
1,1301,,航海,687,研究,研究
125000,1302,,研究点,688,研究,资源
1,1302,,巨大洞穴,689,研究,击杀敌人
126000,1303,,研究点,690,研究,资源
5,1303,,定居点大厅,691,研究,建筑
1,1303,,生产中心,692,研究,研究
130000,1304,,研究点,693,研究,资源
10,1304,,定居点大厅,694,研究,建筑
1,1304,,生产中心,695,研究,研究
132000,1305,,研究点,696,研究,资源
10,1305,,定居点大厅,697,研究,建筑
1,1305,,生产中心,698,研究,研究
135000,1306,,研究点,699,研究,资源
10000,1306,,钠红石,700,研究,资源
1,1306,,中央集权,701,研究,研究
140000,1307,,研究点,702,研究,资源
15,1307,,定居点大厅,703,研究,建筑
1,1307,,生产中心,704,研究,研究
120000,1308,,研究点,705,研究,资源
1,1308,,定居点大厅,706,研究,建筑
1,1308,,军事定居点,707,研究,研究
121000,1309,,研究点,708,研究,资源
1,1309,,定居点大厅,709,研究,建筑
1,1309,,军事定居点,710,研究,研究
126000,1310,,研究点,711,研究,资源
5,1310,,定居点大厅,712,研究,建筑
1,1310,,军事定居点,713,研究,研究
132000,1311,,研究点,714,研究,资源
10,1311,,定居点大厅,715,研究,建筑
1,1311,,军事定居点,716,研究,研究
134000,1312,,研究点,717,研究,资源
10,1312,,定居点大厅,718,研究,建筑
1,1312,,军事定居点,719,研究,研究
140000,1313,,研究点,720,研究,资源
15,1313,,定居点大厅,721,研究,建筑
1,1313,,军事定居点,722,研究,研究
142000,1314,,研究点,723,研究,资源
15,1314,,定居点大厅,724,研究,建筑
1,1314,,军事定居点,725,研究,研究
120000,1315,,研究点,726,研究,资源
1,1315,,定居点大厅,727,研究,建筑
1,1315,,信仰的灯塔,728,研究,研究
126000,1316,,研究点,729,研究,资源
5,1316,,定居点大厅,730,研究,建筑
1,1316,,信仰的灯塔,731,研究,研究
132000,1317,,研究点,732,研究,资源
10,1317,,定居点大厅,733,研究,建筑
1,1317,,信仰的灯塔,734,研究,研究
140000,1318,,研究点,735,研究,资源
15,1318,,定居点大厅,736,研究,建筑
1,1318,,信仰的灯塔,737,研究,研究
145000,1319,,研究点,738,研究,资源
18000,1319,,钢,739,研究,资源
1,1319,,公共交通,740,研究,研究
4,1320,,定居点大厅,741,研究,建筑
1,1320,,航海,742,研究,研究
125000,1321,,研究点,743,研究,资源
3,1321,,定居点大厅,744,研究,建筑
126000,1322,,研究点,745,研究,资源
3,1322,,定居点大厅,746,研究,建筑
1,1322,,定居点开发,747,研究,研究
128000,1323,,研究点,748,研究,资源
5,1323,,定居点大厅,749,研究,建筑
1,1323,,工匠联合体,750,研究,研究
128000,1324,,研究点,751,研究,资源
5,1324,,定居点大厅,752,研究,建筑
1,1324,,工匠联合体,753,研究,研究
128000,1325,,研究点,754,研究,资源
5,1325,,定居点大厅,755,研究,建筑
1,1325,,工匠联合体,756,研究,研究
80000,1326,,黄金,757,研究,资源
6,1326,,定居点大厅,758,研究,建筑
1,1326,,航海,759,研究,研究
25000,1327,,钢,760,研究,资源
5000,1327,,钠红石,761,研究,资源
1,1327,,探索新世界,762,研究,研究
20000,1328,,钢,767,研究,资源
7000,1328,,钠红石,768,研究,资源
1,1328,,探索新世界,769,研究,研究
30000,1329,,钢,772,研究,资源
12500,1329,,钠红石,773,研究,资源
1,1329,,探索新世界,774,研究,研究
17000,1330,,钢,790,研究,资源
10000,1330,,钠红石,791,研究,资源
1,1330,,探索新世界,792,研究,研究
132000,1331,,研究点,794,研究,资源
10000,1331,,水晶,795,研究,资源
10000,1331,,法力,796,研究,资源
1,1331,,奇怪的遭遇,797,研究,研究
135000,1332,,研究点,798,研究,资源
1,1332,,双头巨人营地,799,研究,击杀敌人
14500,1333,,水晶,800,研究,资源
5,1333,,精灵营地,801,研究,建筑
150000,1334,,研究点,802,研究,资源
8,1334,,定居点大厅,803,研究,建筑
155000,1335,,研究点,804,研究,资源
1,1335,,亵渎神庙,805,研究,击杀敌人
155000,1336,,研究点,806,研究,资源
18000,1336,,钠红石,807,研究,资源
1,1336,,精灵幸存者,808,研究,研究
3,1336,,发展部,809,研究,建筑
160000,1337,,研究点,810,研究,资源
15000,1337,,法力,811,研究,资源
15000,1337,,钠红石,812,研究,资源
1,1337,,原子理论,813,研究,研究
165000,1338,,研究点,814,研究,资源
20000,1338,,钢,815,研究,资源
6,1338,,发展部,816,研究,建筑
170000,1339,,研究点,817,研究,资源
1,1339,,装配线,818,研究,研究
180000,1340,,研究点,819,研究,资源
1,1340,,可复制零件,820,研究,研究
12,1341,,定居点大厅,821,研究,建筑
190000,1342,,研究点,822,研究,资源
120000,1342,,黄金,823,研究,资源
1,1342,,兽人集中营,824,研究,击杀敌人
190000,1343,,研究点,825,研究,资源
1,1343,,兽人突袭队,826,研究,击杀敌人
200000,1344,,研究点,827,研究,资源
1,1344,,兽人戈米亚克堡垒,828,研究,击杀敌人
18000,1345,,信念,829,研究,资源
1,1345,,人类的至暗时刻,830,研究,研究
200000,1346,,研究点,831,研究,资源
10,1346,,考古挖掘场,832,研究,建筑
200000,1347,,研究点,833,研究,资源
1,1347,,兽人奥索格堡垒,834,研究,击杀敌人
200000,1348,,研究点,835,研究,资源
1,1348,,兽人图尔冈堡垒,836,研究,击杀敌人
200000,1349,,研究点,837,研究,资源
1,1349,,兽人霍里斯堡垒,838,研究,击杀敌人
210000,1350,,研究点,839,研究,资源
1,1350,,兽人霍里斯堡垒,840,研究,击杀敌人
1,1350,,兽人奥索格堡垒,841,研究,击杀敌人
1,1350,,兽人图尔冈堡垒,842,研究,击杀敌人
25000,1351,,黄金,843,研究,资源
1,1351,,兽人部落,844,研究,研究
215000,1352,,研究点,845,研究,资源
1,1352,,凯旋归来,846,研究,研究
230000,1353,,研究点,847,研究,资源
1,1353,,治疗圣所,848,研究,建筑
230000,1354,,研究点,849,研究,资源
1,1354,,失落山谷,850,研究,击杀敌人
230000,1355,,研究点,851,研究,资源
1,1355,,禁锢单元,852,研究,建筑
230000,1356,,研究点,854,研究,资源
1,1356,,修复精灵基因,855,研究,研究
230000,1357,,研究点,856,研究,资源
1,1357,,修复精灵基因,857,研究,研究
200000,1358,,研究点,858,研究,资源
1,1358,,巨门,859,研究,击杀敌人
250000,1359,,研究点,860,研究,资源
1,1359,,科布统治领,861,研究,diplomacy_alliance
250000,1360,,黄金,862,研究,资源
1,1360,,科布统治领仓库,863,研究,研究
500000,1361,,研究点,866,研究,资源
1,1361,,科布统治领仓库,867,研究,研究
250000,1362,,研究点,868,研究,资源
2,1362,,禁锢单元,869,研究,建筑
250000,1363,,研究点,870,研究,资源
1,1363,,人类DNA,871,研究,研究
260000,1364,,研究点,872,研究,资源
3,1364,,禁锢单元,873,研究,建筑
270000,1365,,研究点,874,研究,资源
1,1365,,南火荒漠,875,研究,击杀敌人
280000,1366,,研究点,876,研究,资源
1,1366,,火法师领域入口,877,研究,击杀敌人
300000,1367,,研究点,878,研究,资源
1,1367,,烬火灾主,879,研究,击杀敌人
260000,1368,,研究点,880,研究,资源
12000,1368,,法力,881,研究,资源
1,1368,,腐化之地,882,研究,击杀敌人
260000,1369,,研究点,883,研究,资源
1,1369,,光之信标,884,研究,建筑
260000,1370,,研究点,885,研究,资源
1,1370,,光之信标,886,研究,建筑
260000,1371,,研究点,887,研究,资源
1,1371,,辉烬工厂,888,研究,建筑
260000,1372,,研究点,889,研究,资源
12000,1372,,法力,890,研究,资源
1,1372,,调查深渊,891,研究,研究
260000,1373,,研究点,892,研究,资源
60000,1373,,原料,893,研究,资源
1,1373,,俯瞰黑暗,894,研究,研究
260000,1374,,研究点,895,研究,资源
39000,1374,,水晶,896,研究,资源
1,1374,,划定疆界,897,研究,研究
270000,1375,,研究点,898,研究,资源
7500,1375,,马,899,研究,资源
1,1375,,生产力计划,900,研究,研究
270000,1376,,研究点,901,研究,资源
250000,1376,,黄金,902,研究,资源
1,1376,,生产力计划,903,研究,研究
270000,1377,,研究点,904,研究,资源
50000,1377,,法力,905,研究,资源
1,1377,,耕作场,906,研究,研究
270000,1378,,研究点,907,研究,资源
50000,1378,,钢,908,研究,资源
1,1378,,市场规律,909,研究,研究
270000,1379,,研究点,910,研究,资源
40000,1379,,水晶,911,研究,资源
1,1379,,水晶培育场,912,研究,研究
280000,1380,,研究点,913,研究,资源
500000,1380,,石头,914,研究,资源
1,1380,,奥术研究,915,研究,研究
300000,1381,,研究点,916,研究,资源
1,1381,,奥术研究,917,研究,研究
300000,1382,,研究点,918,研究,资源
1,1382,,地下房间,919,研究,研究
300000,1383,,研究点,920,研究,资源
1,1383,,地下房间,921,研究,研究
330000,1384,,研究点,922,研究,资源
1000,1384,,辉烬,923,研究,资源
5,1384,,光之信标,924,研究,建筑
1,1384,,黑暗村庄,925,研究,击杀敌人
330000,1385,,研究点,926,研究,资源
1,1385,,黑暗骑士巡逻队,927,研究,击杀敌人
350000,1386,,研究点,928,研究,资源
1,1386,,dark_knight_lord,929,研究,击杀敌人
350000,1387,,研究点,930,研究,资源
1000,1387,,辉烬,931,研究,资源
1,1387,,黑暗之地,932,研究,研究
100000,1388,,黄金,933,研究,资源
1200,1388,,辉烬,934,研究,资源
1,1388,,光耀广场,935,研究,建筑
100000,1389,,木材,936,研究,资源
1200,1389,,辉烬,937,研究,资源
1,1389,,光耀广场,938,研究,建筑
100000,1390,,石头,939,研究,资源
1200,1390,,辉烬,940,研究,资源
2,1390,,光耀广场,941,研究,建筑
50000,1391,,铁,942,研究,资源
1200,1391,,辉烬,943,研究,资源
3,1391,,光耀广场,944,研究,建筑
30000,1392,,钢,945,研究,资源
1200,1392,,辉烬,946,研究,资源
4,1392,,光耀广场,947,研究,建筑
50000,1393,,原料,948,研究,资源
1200,1393,,辉烬,949,研究,资源
5,1393,,光耀广场,950,研究,建筑
215000,1394,,研究点,951,研究,资源
12000,1394,,法力,952,研究,资源
1,1394,,巨型寺庙,953,研究,击杀敌人
240000,1395,,黄金,954,研究,资源
1,1395,,沉眠的泰坦,955,研究,击杀敌人
200000,1396,,研究点,956,研究,资源
1,1396,,尼哈鲁尔窃魂者堡垒,957,研究,diplomacy_owned
360000,1397,,研究点,958,研究,资源
20000,1397,,信念,959,研究,资源
5,1397,,光耀广场,960,研究,建筑
360000,1398,,研究点,961,研究,资源
20000,1398,,钠红石,962,研究,资源
5,1398,,光耀广场,963,研究,建筑
370000,1399,,研究点,964,研究,资源
2000,1399,,辉烬,965,研究,资源
1,1399,,火箭技术,966,研究,研究
370000,1400,,研究点,967,研究,资源
3000,1400,,辉烬,968,研究,资源
1,1400,,火箭技术,969,研究,研究
370000,1401,,研究点,970,研究,资源
2000,1401,,辉烬,971,研究,资源
1,1401,,火箭技术,972,研究,研究
450000,1402,,研究点,973,研究,资源
1,1402,,无人机,974,研究,研究
460000,1403,,研究点,976,研究,资源
1,1403,,卫星,977,研究,研究
470000,1404,,研究点,978,研究,资源
1,1404,,卫星,979,研究,研究
500000,1405,,研究点,980,研究,资源
1,1405,,信号,981,研究,研究
500000,1406,,研究点,982,研究,资源
1,1406,,解密信号,983,研究,研究
100000,1407,,信念,984,研究,资源
100000,1407,,法力,985,研究,资源
1,1407,,解密信号,986,研究,研究
510000,1408,,研究点,987,研究,资源
1,1408,,信号机器,988,研究,建筑
520000,1409,,研究点,989,研究,资源
180000,1409,,法力,990,研究,资源
180000,1409,,水晶,991,研究,资源
1,1409,,激活信号机器,992,研究,研究
150000,1410,,钢,993,研究,资源
130000,1410,,钠红石,994,研究,资源
9000,1410,,辉烬,995,研究,资源
1,1410,,研究灭世终焉,996,研究,研究
1,1411,,制造灭世终焉,997,研究,研究
1,1412,,制造灭世终焉,998,研究,研究
300000,1413,,石头,1003,研究,资源
10000,1413,,辉烬,1004,研究,资源
1,1413,,销毁灭世终焉,1005,研究,研究
1,1414,,销毁灭世终焉,1006,研究,研究
1,1414,,莫德凯·暗棘男爵,1007,研究,diplomacy_owned
1,1414,,恶孽之手,1008,研究,diplomacy_owned
1,1415,,无智之恶,1009,研究,研究
使用时的收益与花费,1416,,,2,祈祷与魔法,
250,1417,,信念,4,祈祷与魔法,资源
1,1417,,寺庙,5,祈祷与魔法,建筑
500,1418,,信念,6,祈祷与魔法,资源
1,1418,,赞美神明,7,祈祷与魔法,祈祷
600,1419,,信念,8,祈祷与魔法,资源
1,1419,,好运之森,9,祈祷与魔法,建筑
600,1420,,信念,10,祈祷与魔法,资源
1,1420,,赞美神明,11,祈祷与魔法,祈祷
800,1421,,信念,12,祈祷与魔法,资源
1,1421,,祝福,13,祈祷与魔法,祈祷
800,1422,,信念,14,祈祷与魔法,资源
1,1422,,祝福,15,祈祷与魔法,祈祷
3,1422,,弓箭手,16,祈祷与魔法,army
800,1423,,信念,17,祈祷与魔法,资源
1,1423,,祝福,18,祈祷与魔法,祈祷
800,1424,,信念,19,祈祷与魔法,资源
1,1424,,祝福,20,祈祷与魔法,祈祷
3,1424,,马厩,21,祈祷与魔法,建筑
1000,1425,,信念,22,祈祷与魔法,资源
3,1425,,好运之森,23,祈祷与魔法,建筑
1200,1426,,信念,24,祈祷与魔法,资源
1,1426,,城墙,25,祈祷与魔法,建筑
1,1426,,祝福,26,祈祷与魔法,祈祷
1200,1427,,信念,27,祈祷与魔法,资源
1,1427,,祝福,28,祈祷与魔法,祈祷
1200,1428,,信念,29,祈祷与魔法,资源
1,1428,,老小者,30,祈祷与魔法,祈祷
1200,1429,,信念,31,祈祷与魔法,资源
1,1429,,大探求者,32,祈祷与魔法,祈祷
1200,1430,,信念,33,祈祷与魔法,资源
1,1430,,祝福,34,祈祷与魔法,祈祷
1200,1431,,信念,35,祈祷与魔法,资源
1,1431,,战争,36,祈祷与魔法,研究
1,1431,,祝福,37,祈祷与魔法,祈祷
1200,1432,,信念,38,祈祷与魔法,资源
1,1432,,祝福,39,祈祷与魔法,祈祷
3,1432,,轻骑兵,40,祈祷与魔法,army
1200,1433,,信念,41,祈祷与魔法,资源
1,1433,,娜迦老巢,42,祈祷与魔法,击杀敌人
1200,1434,,信念,43,祈祷与魔法,资源
1,1434,,远古墓地,44,祈祷与魔法,击杀敌人
1200,1435,,信念,45,祈祷与魔法,资源
1,1435,,祝福,46,祈祷与魔法,祈祷
1250,1436,,信念,47,祈祷与魔法,资源
1,1436,,远古咒语,48,祈祷与魔法,研究
1600,1437,,信念,49,祈祷与魔法,资源
1,1437,,登攀者世界揭秘,50,祈祷与魔法,祈祷
2000,1438,,信念,51,祈祷与魔法,资源
1,1438,,法力仪式,52,祈祷与魔法,研究
2000,1439,,信念,53,祈祷与魔法,资源
1,1439,,法力仪式,54,祈祷与魔法,研究
2000,1440,,信念,55,祈祷与魔法,资源
1,1440,,法力仪式,56,祈祷与魔法,研究
2000,1441,,信念,57,祈祷与魔法,资源
1,1441,,法力仪式,58,祈祷与魔法,研究
2000,1442,,信念,59,祈祷与魔法,资源
1,1442,,灯神宫殿,60,祈祷与魔法,击杀敌人
2000,1443,,信念,66,祈祷与魔法,资源
1,1443,,灯神宫殿,67,祈祷与魔法,击杀敌人
2000,1444,,信念,71,祈祷与魔法,资源
1,1444,,灯神宫殿,72,祈祷与魔法,击杀敌人
2000,1445,,信念,73,祈祷与魔法,资源
3,1445,,魔法环,74,祈祷与魔法,建筑
2000,1446,,信念,75,祈祷与魔法,资源
3,1446,,魔法环,76,祈祷与魔法,建筑
2000,1447,,信念,77,祈祷与魔法,资源
3,1447,,魔法环,78,祈祷与魔法,建筑
2000,1448,,信念,79,祈祷与魔法,资源
1,1448,,专注于发展,80,祈祷与魔法,祈祷
2000,1449,,信念,81,祈祷与魔法,资源
1,1449,,专注于研究,82,祈祷与魔法,祈祷
2000,1450,,信念,83,祈祷与魔法,资源
1,1450,,专注于魔法,84,祈祷与魔法,祈祷
2500,1451,,信念,85,祈祷与魔法,资源
1,1451,,恶魔传送门,86,祈祷与魔法,击杀敌人
2500,1452,,信念,87,祈祷与魔法,资源
1,1452,,恶魔五芒星,88,祈祷与魔法,研究
5000,1453,,黄金,89,祈祷与魔法,资源
3500,1453,,工具,90,祈祷与魔法,资源
1,1453,,石像鬼寺庙,91,祈祷与魔法,击杀敌人
2500,1454,,信念,92,祈祷与魔法,资源
1,1454,,建造构装体,93,祈祷与魔法,研究
2500,1455,,信念,94,祈祷与魔法,资源
5,1455,,好运之森,95,祈祷与魔法,建筑
2500,1456,,信念,96,祈祷与魔法,资源
200,1456,,水晶,97,祈祷与魔法,资源
1,1456,,法力防御,98,祈祷与魔法,祈祷
2500,1457,,信念,99,祈祷与魔法,资源
1,1457,,魔法艺术教学,100,祈祷与魔法,研究
2500,1458,,信念,101,祈祷与魔法,资源
1,1458,,魔法艺术教学,102,祈祷与魔法,研究
2500,1459,,信念,103,祈祷与魔法,资源
200,1459,,水晶,104,祈祷与魔法,资源
1,1459,,神圣装备,105,祈祷与魔法,祈祷
2600,1460,,信念,106,祈祷与魔法,资源
1,1460,,法师学院,107,祈祷与魔法,祈祷
2600,1461,,信念,108,祈祷与魔法,资源
1,1461,,法力场,109,祈祷与魔法,祈祷
4000,1462,,信念,110,祈祷与魔法,资源
1,1462,,灾难,111,祈祷与魔法,研究
4000,1463,,信念,112,祈祷与魔法,资源
1,1463,,专注于发展,113,祈祷与魔法,祈祷
6,1463,,魔法环,114,祈祷与魔法,建筑
4000,1464,,信念,115,祈祷与魔法,资源
1,1464,,专注于研究,116,祈祷与魔法,祈祷
6,1464,,魔法环,117,祈祷与魔法,建筑
4000,1465,,信念,118,祈祷与魔法,资源
1,1465,,专注于魔法,119,祈祷与魔法,祈祷
6,1465,,魔法环,120,祈祷与魔法,建筑
4000,1466,,信念,121,祈祷与魔法,资源
400,1466,,水晶,122,祈祷与魔法,资源
7,1466,,大学,123,祈祷与魔法,建筑
5000,1467,,信念,124,祈祷与魔法,资源
1,1467,,难民区,125,祈祷与魔法,建筑
5000,1468,,信念,126,祈祷与魔法,资源
7,1468,,寺庙,127,祈祷与魔法,建筑
5000,1469,,信念,128,祈祷与魔法,资源
800,1469,,马,129,祈祷与魔法,资源
1,1469,,东部圣地,130,祈祷与魔法,击杀敌人
5000,1470,,信念,131,祈祷与魔法,资源
3000,1470,,钢,132,祈祷与魔法,资源
1,1470,,西部圣地,133,祈祷与魔法,击杀敌人
5000,1471,,信念,134,祈祷与魔法,资源
8000,1471,,铁,135,祈祷与魔法,资源
1,1471,,北部圣地,136,祈祷与魔法,击杀敌人
20000,1472,,黄金,137,祈祷与魔法,资源
5000,1472,,信念,138,祈祷与魔法,资源
1,1472,,南部圣地,139,祈祷与魔法,击杀敌人
6000,1473,,信念,140,祈祷与魔法,资源
1,1473,,黄金支配计划,141,祈祷与魔法,研究
6000,1474,,信念,142,祈祷与魔法,资源
1,1474,,秘密会议,143,祈祷与魔法,建筑
6000,1475,,信念,144,祈祷与魔法,资源
2,1475,,秘密会议,145,祈祷与魔法,建筑
6000,1476,,信念,146,祈祷与魔法,资源
3,1476,,秘密会议,147,祈祷与魔法,建筑
6000,1477,,信念,148,祈祷与魔法,资源
8,1477,,魔法环,149,祈祷与魔法,建筑
6000,1478,,信念,154,祈祷与魔法,资源
3,1478,,秘密会议,155,祈祷与魔法,建筑
6000,1479,,信念,156,祈祷与魔法,资源
2,1479,,秘密会议,157,祈祷与魔法,建筑
6700,1480,,信念,158,祈祷与魔法,资源
7,1480,,好运之森,159,祈祷与魔法,建筑
7000,1481,,信念,160,祈祷与魔法,资源
5000,1481,,法力,161,祈祷与魔法,资源
1,1481,,北极星,162,祈祷与魔法,研究
10000,1482,,信念,163,祈祷与魔法,资源
1,1482,,魔法高中,164,祈祷与魔法,祈祷
10000,1483,,信念,165,祈祷与魔法,资源
1,1483,,点金石,166,祈祷与魔法,祈祷
10000,1484,,信念,167,祈祷与魔法,资源
13,1484,,寺庙,168,祈祷与魔法,建筑
10000,1485,,信念,169,祈祷与魔法,资源
1,1485,,专注于研究,170,祈祷与魔法,祈祷
9,1485,,魔法环,171,祈祷与魔法,建筑
10000,1486,,信念,172,祈祷与魔法,资源
1,1486,,法力森林,173,祈祷与魔法,祈祷
10000,1487,,信念,174,祈祷与魔法,资源
1,1487,,专注于魔法,175,祈祷与魔法,祈祷
9,1487,,魔法环,176,祈祷与魔法,建筑
10000,1488,,信念,177,祈祷与魔法,资源
1,1488,,专注于发展,178,祈祷与魔法,祈祷
9,1488,,魔法环,179,祈祷与魔法,建筑
10000,1489,,信念,180,祈祷与魔法,资源
1,1489,,魔法高中,181,祈祷与魔法,祈祷
13000,1490,,信念,182,祈祷与魔法,资源
1,1490,,孤独的德鲁伊,183,祈祷与魔法,研究
13000,1491,,信念,184,祈祷与魔法,资源
1,1491,,孤独的德鲁伊,185,祈祷与魔法,研究
13500,1492,,信念,186,祈祷与魔法,资源
1,1492,,接受德鲁伊,187,祈祷与魔法,祈祷
13500,1493,,信念,188,祈祷与魔法,资源
10000,1493,,法力,189,祈祷与魔法,资源
1,1493,,德鲁伊之怒,190,祈祷与魔法,研究
11000,1494,,信念,191,祈祷与魔法,资源
8,1494,,好运之森,192,祈祷与魔法,建筑
22000,1495,,石头,193,祈祷与魔法,资源
5500,1495,,法力,194,祈祷与魔法,资源
1,1495,,北极星之力,195,祈祷与魔法,祈祷
6000,1496,,钢,196,祈祷与魔法,资源
5500,1496,,法力,197,祈祷与魔法,资源
1,1496,,北极星之力,198,祈祷与魔法,祈祷
16000,1497,,信念,199,祈祷与魔法,资源
1,1497,,新世界的信仰,200,祈祷与魔法,研究
18000,1498,,信念,201,祈祷与魔法,资源
1,1498,,专注于研究,202,祈祷与魔法,祈祷
13,1498,,魔法环,203,祈祷与魔法,建筑
18000,1499,,信念,204,祈祷与魔法,资源
1,1499,,法力堡垒,205,祈祷与魔法,祈祷
18000,1500,,信念,206,祈祷与魔法,资源
1,1500,,法力螺旋,207,祈祷与魔法,祈祷
18000,1501,,信念,208,祈祷与魔法,资源
1,1501,,钢铁宫殿,209,祈祷与魔法,祈祷
18000,1502,,信念,210,祈祷与魔法,资源
1,1502,,专注于魔法,211,祈祷与魔法,祈祷
13,1502,,魔法环,212,祈祷与魔法,建筑
18000,1503,,信念,213,祈祷与魔法,资源
1,1503,,专注于发展,214,祈祷与魔法,祈祷
13,1503,,魔法环,215,祈祷与魔法,建筑
18000,1504,,信念,216,祈祷与魔法,资源
1,1504,,象牙塔,217,祈祷与魔法,祈祷
18000,1505,,信念,218,祈祷与魔法,资源
1,1505,,新世界的远古神明,219,祈祷与魔法,研究
20000,1506,,信念,220,祈祷与魔法,资源
1,1506,,新世界的远古神明,221,祈祷与魔法,研究
20000,1507,,信念,222,祈祷与魔法,资源
12000,1507,,钠红石,223,祈祷与魔法,资源
1,1507,,法力调查,224,祈祷与魔法,研究
25000,1508,,信念,225,祈祷与魔法,资源
1,1508,,定居点祝圣,226,祈祷与魔法,研究
15000,1509,,信念,227,祈祷与魔法,资源
1,1509,,古鲁德·乌格顿城堡,228,祈祷与魔法,击杀敌人
17000,1510,,信念,229,祈祷与魔法,资源
9,1510,,好运之森,230,祈祷与魔法,建筑
20000,1511,,信念,231,祈祷与魔法,资源
1,1511,,黑暗水晶,232,祈祷与魔法,研究
20000,1512,,信念,233,祈祷与魔法,资源
1,1512,,黑暗水晶,234,祈祷与魔法,研究
20000,1513,,信念,235,祈祷与魔法,资源
1,1513,,泽尼克斯回归,236,祈祷与魔法,研究
20000,1514,,信念,237,祈祷与魔法,资源
1,1514,,泽尼克斯回归,238,祈祷与魔法,研究
20000,1515,,信念,239,祈祷与魔法,资源
1,1515,,泽尼克斯回归,240,祈祷与魔法,研究
20000,1516,,信念,241,祈祷与魔法,资源
1,1516,,附魔子弹,242,祈祷与魔法,祈祷
20000,1517,,信念,243,祈祷与魔法,资源
1,1517,,泽尼克斯的护城盾,244,祈祷与魔法,祈祷
20000,1518,,信念,245,祈祷与魔法,资源
1,1518,,秘法·火球,246,祈祷与魔法,祈祷
20000,1519,,信念,247,祈祷与魔法,资源
1,1519,,辉烬源泉,248,祈祷与魔法,祈祷
25000,1520,,信念,249,祈祷与魔法,资源
1,1520,,黄金炼成,250,祈祷与魔法,祈祷
25000,1521,,信念,251,祈祷与魔法,资源
1,1521,,黄金炼成,252,祈祷与魔法,祈祷
30000,1522,,信念,253,祈祷与魔法,资源
1,1522,,黄金炼成,254,祈祷与魔法,祈祷
30000,1523,,信念,256,祈祷与魔法,资源
1,1523,,黄金炼成,257,祈祷与魔法,祈祷
35000,1524,,信念,259,祈祷与魔法,资源
1,1524,,黄金炼成,260,祈祷与魔法,祈祷
35000,1525,,信念,266,祈祷与魔法,资源
1,1525,,黄金炼成,267,祈祷与魔法,祈祷
1,1526,,赞美神明,273,祈祷与魔法,祈祷
1,1527,,祝福,276,祈祷与魔法,祈祷
1,1528,,侍祭之环,279,祈祷与魔法,祈祷
1,1529,,大探求者,282,祈祷与魔法,祈祷
1,1530,,伟大战士,286,祈祷与魔法,祈祷
1,1531,,幸运女神,290,祈祷与魔法,祈祷
1,1532,,法力防御,292,祈祷与魔法,祈祷
1,1533,,大地母亲,294,祈祷与魔法,祈祷
1,1534,,老小者,297,祈祷与魔法,祈祷
1,1535,,神圣装备,301,祈祷与魔法,祈祷
1,1536,,魔法马具,304,祈祷与魔法,祈祷
1,1537,,远古咒语,308,祈祷与魔法,祈祷
1,1538,,登攀者世界揭秘,314,祈祷与魔法,祈祷
1,1539,,野性之人,317,祈祷与魔法,祈祷
1,1540,,狂野之矛,320,祈祷与魔法,祈祷
1,1541,,自然生长,323,祈祷与魔法,祈祷
1,1542,,法力之花,325,祈祷与魔法,祈祷
1,1543,,岩轻术,327,祈祷与魔法,祈祷
1,1544,,魔法工具,329,祈祷与魔法,祈祷
1,1545,,魔法灯,331,祈祷与魔法,祈祷
1,1546,,米露涅的寺庙,334,祈祷与魔法,祈祷
1,1547,,恶魔学,337,祈祷与魔法,祈祷
1,1548,,大建筑师,341,祈祷与魔法,祈祷
1,1549,,法力防御 II,346,祈祷与魔法,祈祷
1,1550,,奥术之谜,348,祈祷与魔法,祈祷
1,1551,,神圣装备 II,351,祈祷与魔法,祈祷
1,1552,,教堂祝福,354,祈祷与魔法,祈祷
1,1553,,大探求者的视线,358,祈祷与魔法,祈祷
1,1554,,伟大战士之怒,362,祈祷与魔法,祈祷
1,1555,,大地母亲的恩典,367,祈祷与魔法,祈祷
1,1556,,朝觐者的圣歌,370,祈祷与魔法,祈祷
1,1557,,老小者的恩典,376,祈祷与魔法,祈祷
1,1558,,野性之人的灵巧,380,祈祷与魔法,祈祷
1,1559,,龙之骨,385,祈祷与魔法,祈祷
1,1560,,龙之骨,390,祈祷与魔法,祈祷
1,1561,,生命魔法,395,祈祷与魔法,祈祷
1,1562,,明悟,399,祈祷与魔法,祈祷
1,1563,,法术书,402,祈祷与魔法,祈祷
1,1564,,塑形法力,405,祈祷与魔法,祈祷
1,1565,,法力森林,410,祈祷与魔法,祈祷
1,1566,,孤独的德鲁伊,412,祈祷与魔法,祈祷
1,1567,,城市祝福,416,祈祷与魔法,祈祷
1,1568,,保护之力,421,祈祷与魔法,祈祷
1,1569,,增量之力,423,祈祷与魔法,祈祷
1,1570,,点金石,430,祈祷与魔法,祈祷
1,1571,,教长的祝福,433,祈祷与魔法,祈祷
1,1572,,魔法材料,437,祈祷与魔法,祈祷
1,1573,,智慧卷轴,443,祈祷与魔法,祈祷
1,1574,,法力螺旋,448,祈祷与魔法,祈祷
1,1575,,孩子们的希望,450,祈祷与魔法,祈祷
1,1576,,附魔子弹,457,祈祷与魔法,祈祷
1,1577,,泽尼克斯的护城盾,462,祈祷与魔法,祈祷
1,1578,,秘法·火球,464,祈祷与魔法,祈祷
1,1579,,辉烬源泉,468,祈祷与魔法,祈祷
1,1580,,黄金炼成,471,祈祷与魔法,祈祷
,1581,,,2,人口,解锁条件
1,1583,,农场,5,人口,建筑
1,1584,,码头,6,人口,建筑
1,1585,,伐木工营地,7,人口,建筑
1,1586,,采石场,8,人口,建筑
1,1587,,矿井,9,人口,建筑
1,1588,,工匠作坊,11,人口,建筑
1,1589,,市场,13,人口,建筑
1,1590,,信用社,14,人口,建筑
1,1591,,马厩,15,人口,建筑
1,1592,,木匠工坊,17,人口,建筑
1,1593,,钢铁厂,21,人口,建筑
1,1594,,大学,24,人口,建筑
1,1595,,研究工厂,26,人口,建筑
1,1596,,食品杂货店,27,人口,建筑
1,1597,,天文台,30,人口,建筑
1,1598,,法力提取器,32,人口,建筑
1,1599,,炼金实验室,35,人口,建筑
1,1600,,钠红石精炼厂,36,人口,建筑
1,1601,,军营,39,人口,建筑
1,1602,,辉烬工厂,42,人口,建筑
,1603,,,2,资源,解锁条件
1,1605,,普通房屋,5,资源,建筑
1,1609,,矿井,9,资源,建筑
1,1610,,矿井,10,资源,建筑
1,1611,,工匠作坊,11,资源,建筑
1,1612,,马厩,12,资源,建筑
1,1613,,马厩,13,资源,建筑
1,1614,,寺庙,14,资源,建筑
1,1615,,寺庙,15,资源,建筑
1,1618,,木匠工坊,18,资源,建筑
1,1619,,钢铁厂,19,资源,建筑
1,1620,,大学,20,资源,建筑
1,1621,,食品杂货店,21,资源,建筑
1,1622,,炼金实验室,22,资源,建筑
1,1623,,钠红石精炼厂,23,资源,建筑
1,1624,,辉烬工厂,24,资源,建筑
